Julian Date [days],Satellite ECI X-Position [km],Satellite ECI Y-Position [km],Satellite ECI Z-Position [km],Ground Station ECI X-Position [km],Ground Station ECI Y-Position [km],Ground Station ECI Z-Position [km],SEZ-South Distance [km],SEZ-East Distance [km],SEZ-Zenith Distance [km],Slant Range [km],Azimuth [deg],Elevation [deg]
2460847.1250000000,3832.5029296875,-5295.5029296875,-1981.8303222656,-3340.5466308594,2422.9870605469,4847.2338867188,-3484.3419393648,2036.4104051993,-11890.1745241516,12556.4268923769,30.3039882520,-71.2516408239
2460847.1251157406,3836.6069335938,-5319.0483398438,-1909.2770996094,-3342.3127441406,2420.5505371094,4847.2338867188,-3543.1397567235,2057.6015128929,-11844.8787384881,12533.5037260545,30.1449476744,-70.9189814464
2460847.1252314816,3840.2304687500,-5341.9282226562,-1836.4841308594,-3344.0769042969,2418.1125488281,4847.2338867188,-3601.4761668163,2078.5595280020,-11798.8794165349,12510.1796860607,29.9910061653,-70.5861403856
2460847.1253472222,3843.3732910156,-5364.1391601562,-1763.4605712891,-3345.8393554688,2415.6733398438,4847.2338867188,-3659.3437306766,2099.2786963566,-11752.1817779024,12486.4544256999,29.8418707526,-70.2531282968
2460847.1254629628,3846.0346679688,-5385.6782226562,-1690.2155761719,-3347.5998535156,2413.2329101562,4847.2338867188,-3716.7357094766,2119.7562950430,-11704.7916342828,12462.3287665849,29.6972976627,-69.9199471817
2460847.1255787038,3848.2143554688,-5406.5429687500,-1616.7583007812,-3349.3588867188,2410.7912597656,4847.2338867188,-3773.6449073914,2139.9882333863,-11656.7156898445,12437.8039138740,29.5570460682,-69.5866048307
2460847.1256944444,3849.9121093750,-5426.7304687500,-1543.0979003906,-3351.1159667969,2408.3481445312,4847.2338867188,-3830.0649983374,2159.9707214701,-11607.9601053226,12412.8807782827,29.4208879744,-69.2531040461
2460847.1258101850,3851.1276855469,-5446.2382812500,-1469.2437744141,-3352.8713378906,2405.9038085938,4847.2338867188,-3885.9888250868,2179.7002302155,-11558.5303385839,12387.5593169222,29.2886175749,-68.9194488050
2460847.1259259260,3851.8610839844,-5465.0639648438,-1395.2049560547,-3354.6247558594,2403.4582519531,4847.2338867188,-3941.4096338425,2199.1731649249,-11508.4341070744,12361.8416147411,29.1600382984,-68.5856452559
2460847.1260416666,3852.1115722656,-5483.2050781250,-1320.9909667969,-3356.3764648438,2401.0114746094,4847.2338867188,-3996.3209125195,2218.3856116416,-11457.6767747639,12335.7274869682,29.0349603116,-68.2516952510
2460847.1261574072,3851.8798828125,-5500.6591796875,-1246.6110839844,-3358.1264648438,2398.5632324219,4847.2338867188,-4050.7153998749,2237.3338565122,-11406.2656299698,12309.2182390967,28.9132115100,-67.9176061493
2460847.1262731482,3851.1652832031,-5517.4243164062,-1172.0744628906,-3359.8745117188,2396.1137695312,4847.2338867188,-4104.5866879386,2256.0145800578,-11354.2074036501,12282.3149051528,28.7946288626,-67.5833802561
2460847.1263888888,3849.9685058594,-5533.4980468750,-1097.3906250000,-3361.6210937500,2393.6630859375,4847.2338867188,-4157.9293236546,2274.4240850525,-11301.5083553570,12255.0182490839,28.6790490728,-67.2490161237
2460847.1265046299,3848.2890625000,-5548.8784179688,-1022.5689086914,-3363.3654785156,2391.2111816406,4847.2338867188,-4210.7353632289,2292.5599275473,-11248.1751961992,12227.3287583566,28.5663453380,-66.9145198407
2460847.1266203704,3846.1274414062,-5563.5634765625,-947.6186523438,-3365.1083984375,2388.7580566406,4847.2338867188,-4262.9995180173,2310.4164773654,-11194.2156037083,12199.2480166526,28.4563498762,-66.5798957758
2460847.1267361110,3843.4838867188,-5577.5512695312,-872.5493774414,-3366.8493652344,2386.3034667969,4847.2338867188,-4314.7149233909,2327.9920505548,-11139.6359226618,12170.7764890756,28.3489530028,-66.2451436554
2460847.1268518521,3840.3586425781,-5590.8403320312,-797.3704223633,-3368.5886230469,2383.8476562500,4847.2338867188,-4365.8760117785,2345.2828680711,-11084.4442341839,12141.9162022402,28.2440226560,-65.9102658709
2460847.1269675926,3836.7521972656,-5603.4287109375,-722.0911865234,-3370.3261718750,2381.3906250000,4847.2338867188,-4416.4762201444,2362.2853899897,-11028.6464986279,12112.6668433734,28.1414414096,-65.5752640651
2460847.1270833332,3832.6647949219,-5615.3144531250,-646.7212524414,-3372.0617675781,2378.9323730469,4847.2338867188,-4466.5096887670,2378.9961179002,-10972.2505500565,12083.0299785297,28.0410945042,-65.2401407204
2460847.1271990743,3828.0971679688,-5626.4965820312,-571.2700195312,-3373.7956542969,2376.4726562500,4847.2338867188,-4515.9697393296,2395.4117174003,-10915.2635302761,12053.0061776212,27.9428788754,-64.9048998017
2460847.1273148148,3823.0495605469,-5636.9736328125,-495.7469787598,-3375.5275878906,2374.0119628906,4847.2338867188,-4564.8512837744,2411.5293957626,-10857.6932864467,12022.5972556746,27.8466936298,-64.5695396062
2460847.1274305554,3817.5227050781,-5646.7441406250,-420.1615905762,-3377.2578125000,2371.5498046875,4847.2338867188,-4613.1481833540,2427.3462171118,-10799.5467771983,11991.8037180486,27.7524468531,-64.2340609893
2460847.1275462965,3811.5173339844,-5655.8066406250,-344.5234069824,-3378.9863281250,2369.0864257812,4847.2338867188,-4660.8549955923,2442.8577230194,-10740.8321894431,11960.6270432043,27.6600328688,-63.8984677976
2460847.1276620370,3805.0339355469,-5664.1596679688,-268.8418884277,-3380.7128906250,2366.6218261719,4847.2338867188,-4707.9649989184,2458.0614451763,-10681.5559889378,11929.0669729076,27.5693762326,-63.5627612325
2460847.1277777776,3798.0737304688,-5671.8032226562,-193.1265869141,-3382.4377441406,2364.1560058594,4847.2338867188,-4754.4738314201,2472.9549263231,-10621.7272763888,11897.1264520163,27.4803935299,-63.2269391605
2460847.1278935187,3790.6372070312,-5678.7353515625,-117.3870010376,-3384.1608886719,2361.6887207031,4847.2338867188,-4800.3746314078,2487.5344308836,-10561.3530385306,11864.8051880835,27.3930053885,-62.8910071425
2460847.1280092592,3782.7255859375,-5684.9550781250,-41.6326446533,-3385.8823242188,2359.2204589844,4847.2338867188,-4845.6637861297,2501.7967352729,-10500.4417306655,11832.1055172752,27.3071250037,-62.5549606044
2460847.1281249998,3774.3395996094,-5690.4624023438,34.1269416809,-3387.6015625000,2356.7507324219,4847.2338867188,-4890.3343526191,2515.7387848783,-10439.0002707951,11799.0270093685,27.2226867932,-62.2188040562
2460847.1282407409,3765.4802246094,-5695.2563476562,109.8822402954,-3389.3193359375,2354.2797851562,4847.2338867188,-4934.3818937415,2529.3588135300,-10377.0376960126,11765.5723203477,27.1396280047,-61.8825347773
2460847.1283564814,3756.1486816406,-5699.3359375000,185.6237182617,-3391.0351562500,2351.8076171875,4847.2338867188,-4977.8001037637,2542.6531181989,-10314.5614632050,11731.7414278849,27.0578797030,-61.5461575855
2460847.1284722220,3746.3461914062,-5702.7006835938,261.3418579102,-3392.7492675781,2349.3342285156,4847.2338867188,-5020.5856783778,2555.6183028301,-10251.5802885147,11697.5366584403,26.9773646336,-61.2096682404
2460847.1285879631,3736.0737304688,-5705.3505859375,337.0271301270,-3394.4614257812,2346.8596191406,4847.2338867188,-5062.7318107567,2568.2523975179,-10188.1012050711,11662.9575978727,26.8980374394,-60.8730693110
2460847.1287037036,3725.3327636719,-5707.2846679688,412.6700134277,-3396.1718750000,2344.3837890625,4847.2338867188,-5104.2344885820,2580.5523238686,-10124.1342486907,11628.0073226742,26.8198320978,-60.5363621246
2460847.1288194442,3714.1247558594,-5708.5029296875,488.2609863281,-3397.8806152344,2341.9064941406,4847.2338867188,-5145.0885670087,2592.5148816699,-10059.6859395687,11592.6852358200,26.7426890996,-60.1995443245
2460847.1289351853,3702.4506835938,-5709.0053710938,563.7905883789,-3399.5874023438,2339.4282226562,4847.2338867188,-5185.2892122850,2604.1387302300,-9994.7662583355,11556.9942156291,26.6665661623,-59.8626173192
2460847.1290509258,3690.3122558594,-5708.7919921875,639.2492065430,-3401.2924804688,2336.9484863281,4847.2338867188,-5224.8316036082,2615.4200294996,-9929.3826386885,11520.9342851289,26.5914007307,-59.5255812519
2460847.1291666669,3677.7111816406,-5707.8623046875,714.6275024414,-3402.9958496094,2334.4675292969,4847.2338867188,-5263.7122574673,2626.3565245779,-9863.5442846951,11484.5078771250,26.5171403851,-59.1884326487
2460847.1292824075,3664.6486816406,-5706.2163085938,789.9158325195,-3404.6972656250,2331.9855957031,4847.2338867188,-5301.9248633019,2636.9456152797,-9797.2589688956,11447.7147386562,26.4437437783,-58.8511761097
2460847.1293981480,3651.1264648438,-5703.8549804688,865.1048583984,-3406.3967285156,2329.5021972656,4847.2338867188,-5339.4664156402,2647.1847508075,-9730.5359798827,11410.5573555566,26.3711572719,-58.5138075278
2460847.1295138891,3637.1462402344,-5700.7783203125,940.1849975586,-3408.0944824219,2327.0175781250,4847.2338867188,-5376.3313221196,2657.0719601108,-9663.3836975505,11373.0362864319,26.2993449398,-58.1763294866
2460847.1296296297,3622.7097167969,-5696.9863281250,1015.1469116211,-3409.7905273438,2324.5317382812,4847.2338867188,-5412.5160835952,2666.6044865815,-9595.8109930103,11335.1532171652,26.2282565766,-57.8387395171
2460847.1297453702,3607.8188476562,-5692.4794921875,1089.9810791016,-3411.4846191406,2322.0446777344,4847.2338867188,-5448.0167142442,2675.7796725250,-9527.8272850135,11296.9100088312,26.1578464016,-57.5010385372
2460847.1298611113,3592.4753417969,-5687.2587890625,1164.6782226562,-3413.1770019531,2319.5563964844,4847.2338867188,-5482.8286293460,2684.5959656396,-9459.4402069037,11258.3069022607,26.0880817988,-57.1632230492
2460847.1299768519,3576.6811523438,-5681.3242187500,1239.2287597656,-3414.8676757812,2317.0666503906,4847.2338867188,-5516.9475995063,2693.0495471468,-9390.6592911881,11219.3452840290,26.0189107077,-56.8252978119
2460847.1300925924,3560.4382324219,-5674.6772460938,1313.6234130859,-3416.5563964844,2314.5759277344,4847.2338867188,-5550.3705521533,2701.1403476900,-9321.4937697156,11180.0276628896,25.9503090333,-56.4872555533
2460847.1302083335,3543.7485351562,-5667.3183593750,1387.8527832031,-3418.2431640625,2312.0839843750,4847.2338867188,-5583.0929955138,2708.8656068641,-9251.9526333736,11140.3549226582,25.8822368767,-56.1490990893
2460847.1303240741,3526.6145019531,-5659.2485351562,1461.9074707031,-3419.9282226562,2309.5908203125,4847.2338867188,-5615.1117598862,2716.2223380269,-9182.0450318718,11100.3285912144,25.8146481970,-55.8108272523
2460847.1304398146,3509.0378417969,-5650.4682617188,1535.7783203125,-3421.6115722656,2307.0961914062,4847.2338867188,-5646.4222678596,2723.2087456611,-9111.7792442059,11059.9489734160,25.7475134839,-55.4724397490
2460847.1305555557,3491.0209960938,-5640.9794921875,1609.4559326172,-3423.2929687500,2304.6005859375,4847.2338867188,-5677.0220141213,2729.8235677363,-9041.1653016708,11019.2189229511,25.6808001573,-55.1339326689
2460847.1306712963,3472.5659179688,-5630.7827148438,1682.9310302734,-3424.9726562500,2302.1037597656,4847.2338867188,-5706.9069042297,2736.0643885954,-8970.2122114276,10978.1392717586,25.6144732724,-54.7953076406
2460847.1307870368,3453.6755371094,-5619.8798828125,1756.1943359375,-3426.6503906250,2299.6054687500,4847.2338867188,-5736.0738133863,2741.9287501594,-8898.9294808942,10936.7116616237,25.5484945242,-54.4565643761
2460847.1309027779,3434.3515625000,-5608.2714843750,1829.2366943359,-3428.3264160156,2297.1062011719,4847.2338867188,-5764.5191118383,2747.4161023541,-8827.3255509961,10894.9369990602,25.4828438144,-54.1176980228
2460847.1310185185,3414.5966796875,-5595.9594726562,1902.0489501953,-3430.0007324219,2294.6054687500,4847.2338867188,-5792.2401044243,2752.5226947721,-8755.4109319506,10852.8174774966,25.4174720957,-53.7787125961
2460847.1311342590,3394.4135742188,-5582.9453125000,1974.6218261719,-3431.6728515625,2292.1037597656,4847.2338867188,-5819.2332201751,2757.2486724261,-8683.1937946589,10810.3538326915,25.3523658677,-53.4396013883
2460847.1312500001,3373.8044433594,-5569.2309570312,2046.9462890625,-3433.3435058594,2289.6008300781,4847.2338867188,-5845.4964267269,2761.5922899563,-8610.6848901071,10767.5491513873,25.2874909548,-53.1003635740
2460847.1313657407,3352.7719726562,-5554.8173828125,2119.0131835938,-3435.0122070312,2287.0964355469,4847.2338867188,-5871.0255465375,2765.5503721133,-8537.8925157101,10724.4029408919,25.2228104509,-52.7610017090
2460847.1314814813,3331.3188476562,-5539.7070312500,2190.8132324219,-3436.6789550781,2284.5910644531,4847.2338867188,-5895.8182968158,2769.1221429131,-8464.8268909414,10680.9178034963,25.1582999818,-52.4215130745
2460847.1315972223,3309.4475097656,-5523.9018554688,2262.3378906250,-3438.3439941406,2282.0844726562,4847.2338867188,-5919.8722463782,2772.3073790782,-8391.4971505777,10637.0954703662,25.0939405100,-52.0818913392
2460847.1317129629,3287.1611328125,-5507.4033203125,2333.5778808594,-3440.0073242188,2279.5764160156,4847.2338867188,-5943.1845159465,2775.1022593563,-8317.9130096646,10592.9368721246,25.0296864750,-51.7421405503
2460847.1318287039,3264.4624023438,-5490.2138671875,2404.5241699219,-3441.6687011719,2277.0673828125,4847.2338867188,-5965.7527676686,2777.5074252434,-8244.0843213767,10548.4444294027,24.9655260967,-51.4022554009
2460847.1319444445,3241.3540039062,-5472.3354492188,2475.1677246094,-3443.3281250000,2274.5571289062,4847.2338867188,-5987.5743857664,2779.5201622607,-8170.0207038570,10503.6192647559,24.9014223471,-51.0622372133
2460847.1320601851,3217.8388671875,-5453.7705078125,2545.5000000000,-3444.9858398438,2272.0456542969,4847.2338867188,-6008.6472538466,2781.1400222176,-8095.7315580890,10458.4631330314,24.8373545593,-50.7220808580
2460847.1321759261,3193.9199218750,-5434.5209960938,2615.5119628906,-3446.6418457031,2269.5327148438,4847.2338867188,-6028.9684307227,2782.3646685928,-8021.2262270291,10412.9766960684,24.7732904536,-50.3817877999
2460847.1322916667,3169.6003417969,-5414.5898437500,2685.1948242188,-3448.2958984375,2267.0187988281,4847.2338867188,-6048.5370070533,2783.1936000868,-7946.5154521569,10367.1632751020,24.7092050278,-50.0413536155
2460847.1324074073,3144.8830566406,-5393.9790039062,2754.5397949219,-3449.9479980469,2264.5036621094,4847.2338867188,-6067.3496772393,2783.6261255310,-7871.6079485227,10321.0231182708,24.6450805988,-49.7007766447
2460847.1325231483,3119.7709960938,-5372.6914062500,2823.5380859375,-3451.5983886719,2261.9873046875,4847.2338867188,-6085.4051034743,2783.6610398154,-7796.5140952687,10274.5586813109,24.5808885069,-49.3600547458
2460847.1326388889,3094.2678222656,-5350.7299804688,2892.1813964844,-3453.2470703125,2259.4699707031,4847.2338867188,-6102.7022829822,2783.2970678972,-7721.2439153888,10227.7722561567,24.5165985345,-49.0191837076
2460847.1327546295,3068.3762207031,-5328.0971679688,2960.4604492188,-3454.8937988281,2256.9511718750,4847.2338867188,-6119.2380165615,2782.5326103023,-7645.8068533811,10180.6642253802,24.4521858570,-48.6781665319
2460847.1328703705,3042.0996093750,-5304.7958984375,3028.3671875000,-3456.5385742188,2254.4311523438,4847.2338867188,-6135.0112258703,2781.3678547614,-7570.2125486011,10133.2367936436,24.3876320424,-48.3369959104
2460847.1329861111,3015.4411621094,-5280.8286132812,3095.8928222656,-3458.1816406250,2251.9099121094,4847.2338867188,-6150.0201873403,2779.8007495968,-7494.4710539656,10085.4914055231,24.3229036085,-47.9956727891
2460847.1331018517,2988.4045410156,-5256.1992187500,3163.0288085938,-3459.8227539062,2249.3876953125,4847.2338867188,-6164.2639133027,2777.8323299438,-7418.5927249800,10037.4309494637,24.2579884039,-47.6541914212
2460847.1332175927,2960.9931640625,-5230.9101562500,3229.7670898438,-3461.4621582031,2246.8640136719,4847.2338867188,-6177.7406192552,2775.4605138004,-7342.5866038252,9989.0559242170,24.1928529187,-47.3125498493
2460847.1333333333,2933.2099609375,-5204.9648437500,3296.0988769531,-3463.0996093750,2244.3393554688,4847.2338867188,-6190.4491934148,2772.6845211328,-7266.4632607831,9940.3686546471,24.1274713299,-46.9707474406
2460847.1334490739,2905.0590820312,-5178.3662109375,3362.0158691406,-3464.7353515625,2241.8134765625,4847.2338867188,-6202.3885075801,2769.5039367943,-7190.2326127802,9891.3710010680,24.0618206122,-46.6287808418
2460847.1335648149,2876.5434570312,-5151.1181640625,3427.5097656250,-3466.3691406250,2239.2863769531,4847.2338867188,-6213.5571197674,2765.9186250841,-7113.9043113884,9842.0644416093,23.9958808548,-46.2866466931
2460847.1336805555,2847.6669921875,-5123.2241210938,3492.5727539062,-3468.0012207031,2236.7580566406,4847.2338867188,-6223.9549514484,2761.9286731119,-7037.4885217342,9792.4516810938,23.9296290456,-45.9443383924
2460847.1337962961,2818.4333496094,-5094.6870117188,3557.1960449219,-3469.6313476562,2234.2285156250,4847.2338867188,-6233.5800618590,2757.5318049326,-6960.9951130597,9742.5332951375,23.8630302180,-45.6018596828
2460847.1339120371,2788.8461914062,-5065.5107421875,3621.3718261719,-3471.2597656250,2231.6977539062,4847.2338867188,-6242.4325557919,2752.7286322296,-6884.4344055195,9692.3122225922,23.7960644511,-45.2592037079
2460847.1340277777,2758.9089355469,-5035.6987304688,3685.0922851562,-3472.8862304688,2229.1660156250,4847.2338867188,-6250.5110082002,2747.5192624635,-6807.8154255374,9641.7892960500,23.7287129328,-44.9163653252
2460847.1341435187,2728.6257324219,-5005.2553710938,3748.3488769531,-3474.5107421875,2226.6328125000,4847.2338867188,-6257.8155791395,2741.9027541082,-6731.1494992079,9590.9676319022,23.6609431837,-44.5733450255
2460847.1342592593,2698.0002441406,-4974.1840820312,3811.1340332031,-3476.1335449219,2224.0986328125,4847.2338867188,-6264.3452002110,2735.8796574921,-6654.4456348242,9539.8482689462,23.5927380751,-44.2301361260
2460847.1343749999,2667.0363769531,-4942.4887695312,3873.4396972656,-3477.7543945312,2221.5632324219,4847.2338867188,-6270.0998366990,2729.4488910434,-6577.7143542985,9488.4334501399,23.5240641695,-43.8867374634
2460847.1344907410,2635.7377929688,-4910.1733398438,3935.2580566406,-3479.3735351562,2219.0266113281,4847.2338867188,-6275.0789565932,2722.6116764734,-6500.9654392640,9436.7251679199,23.4549070778,-43.5431431191
2460847.1346064815,2604.1086425781,-4877.2421875000,3996.5812988281,-3480.9907226562,2216.4887695312,4847.2338867188,-6279.2824990096,2715.3664757427,-6424.2090697680,9384.7251409961,23.3852292883,-43.1993520568
2460847.1347222221,2572.1528320312,-4843.6992187500,4057.4018554688,-3482.6059570312,2213.9499511719,4847.2338867188,-6282.7102857540,2707.7149561154,-6347.4550069177,9332.4355815154,23.3150179441,-42.8553568588
2460847.1348379632,2539.8742675781,-4809.5483398438,4117.7119140625,-3484.2194824219,2211.4096679688,4847.2338867188,-6285.3620363180,2699.6552809275,-6270.7132450318,9279.8577125322,23.2442331859,-42.5111576756
2460847.1349537037,2507.2773437500,-4774.7944335938,4177.5043945312,-3485.8312988281,2208.8684082031,4847.2338867188,-6287.2389306326,2691.1893747729,-6193.9940542643,9226.9949585991,23.1728588312,-42.1667444658
2460847.1350694443,2474.3657226562,-4739.4414062500,4236.7709960938,-3487.4409179688,2206.3259277344,4847.2338867188,-6288.3399410342,2682.3163726397,-6117.3074365628,9173.8481898472,23.1008640767,-41.8221194176
2460847.1351851854,2441.1437988281,-4703.4941406250,4295.5048828125,-3489.0490722656,2203.7822265625,4847.2338867188,-6288.6660980225,2673.0368148526,-6040.6632159768,9120.4199023307,23.0282216579,-41.4772740399
2460847.1353009259,2407.6159667969,-4666.9570312500,4353.6982421875,-3490.6550292969,2201.2373046875,4847.2338867188,-6288.2175015697,2663.3514450420,-5964.0717085841,9066.7122824091,22.9549084441,-41.1322057519
2460847.1354166665,2373.7858886719,-4629.8344726562,4411.3442382812,-3492.2592773438,2198.6914062500,4847.2338867188,-6286.9946624253,2653.2606888994,-5887.5422989003,9012.7270284838,22.8808969678,-40.7869068720
2460847.1355324076,2339.6582031250,-4592.1313476562,4468.4355468750,-3493.8618164062,2196.1442871094,4847.2338867188,-6284.9987208385,2642.7642095945,-5811.0855432570,8958.4667649942,22.8061512351,-40.4413744768
2460847.1356481481,2305.2370605469,-4553.8520507812,4524.9648437500,-3495.4621582031,2193.5959472656,4847.2338867188,-6282.2296516442,2631.8637410206,-5734.7110124369,8903.9332063680,22.7306544815,-40.0956024050
2460847.1357638887,2270.5268554688,-4515.0019531250,4580.9248046875,-3497.0607910156,2191.0463867188,4847.2338867188,-6278.6883924267,2620.5585717834,-5658.4290913854,8849.1284847480,22.6543672209,-39.7495890757
2460847.1358796298,2235.5319824219,-4475.5854492188,4636.3085937500,-3498.6577148438,2188.4956054688,4847.2338867188,-6274.3755252810,2608.8502880123,-5582.2492249524,8794.0544953388,22.5772682739,-39.4033263141
2460847.1359953703,2200.2565917969,-4435.6079101562,4691.1093750000,-3500.2526855469,2185.9438476562,4847.2338867188,-6269.2929100143,2596.7393851098,-5506.1819385029,8738.7143542761,22.4993231694,-39.0568085728
2460847.1361111109,2164.7053222656,-4395.0737304688,4745.3203125000,-3501.8457031250,2183.3908691406,4847.2338867188,-6263.4407262998,2584.2266600749,-5430.2363365730,8683.1091110011,22.4205044873,-38.7100294292
2460847.1362268520,2128.8828125000,-4353.9887695312,4798.9345703125,-3503.4370117188,2180.8366699219,4847.2338867188,-6256.8209305699,2571.3120499840,-5354.4230262404,8627.2417237228,22.3407715617,-38.3629850326
2460847.1363425925,2092.7932128906,-4312.3579101562,4851.9453125000,-3505.0263671875,2178.2812500000,4847.2338867188,-6249.4341859012,2557.9982329981,-5278.7515208381,8571.1142929425,22.2601085548,-38.0156669409
2460847.1364583331,2056.4411621094,-4270.1860351562,4904.3457031250,-3506.6137695312,2175.7248535156,4847.2338867188,-6241.2819284899,2544.2850314343,-5203.2319874987,8514.7289767676,22.1784739433,-37.6680720112
2460847.1365740742,2019.8312988281,-4227.4790039062,4956.1298828125,-3508.1994628906,2173.1672363281,4847.2338867188,-6232.3663001896,2530.1733754632,-5127.8739111618,8458.0883099206,22.0958317198,-37.3201894386
2460847.1366898147,1982.9682617188,-4184.2416992188,5007.2905273438,-3509.7832031250,2170.6083984375,4847.2338867188,-6222.6876804799,2515.6642439025,-5052.6872048037,8401.1937572248,22.0121509824,-36.9720176624
2460847.1368055558,1945.8565673828,-4140.4794921875,5057.8217773438,-3511.3652343750,2168.0483398438,4847.2338867188,-6212.2483948084,2500.7590464407,-4977.6815086231,8344.0481259663,21.9273970356,-36.6235459387
2460847.1369212964,1908.5008544922,-4096.1987304688,5107.7167968750,-3512.9450683594,2165.4873046875,4847.2338867188,-6201.0500346268,2485.4597927912,-4902.8671210463,8286.6542054175,21.8415413316,-36.2747694076
2460847.1370370369,1870.9058837891,-4051.4042968750,5156.9697265625,-3514.5231933594,2162.9250488281,4847.2338867188,-6189.0946527665,2469.7664095539,-4828.2534517302,8229.0139222636,21.7545362438,-35.9256801234
2460847.1371527780,1833.0764160156,-4006.1018066406,5205.5747070312,-3516.0996093750,2160.3615722656,4847.2338867188,-6176.3841290004,2453.6812747628,-4753.8497639824,8171.1296823393,21.6663531082,-35.5762665064
2460847.1372685186,1795.0172119141,-3960.2971191406,5253.5249023438,-3517.6740722656,2157.7971191406,4847.2338867188,-6162.9206040129,2437.2048645578,-4679.6668206956,8113.0043433928,21.5769461059,-35.2265277623
2460847.1373842591,1756.7329101562,-3913.9960937500,5300.8144531250,-3519.2465820312,2155.2314453125,4847.2338867188,-6148.7054352139,2420.3394392236,-4605.7134434340,8054.6395234746,21.4862850054,-34.8764526878
2460847.1375000002,1718.2283935547,-3867.2043457031,5347.4379882812,-3520.8173828125,2152.6645507812,4847.2338867188,-6133.7418798604,2403.0860033315,-4531.9994209226,7996.0384278344,21.3943222149,-34.5260306135
2460847.1376157408,1679.5084228516,-3819.9277343750,5393.3891601562,-3522.3859863281,2150.0966796875,4847.2338867188,-6118.0311103645,2385.4461196903,-4458.5340577505,7937.2025173517,21.3010199402,-34.1752554243
2460847.1377314813,1640.5781250000,-3772.1723632812,5438.6621093750,-3523.9531250000,2147.5273437500,4847.2338867188,-6101.5762551295,2367.4212549054,-4385.3276731470,7878.1352486618,21.2063320338,-33.8241201442
2460847.1378472224,1601.4420166016,-3723.9440917969,5483.2519531250,-3525.5180664062,2144.9572753906,4847.2338867188,-6084.3797949943,2349.0139153346,-4312.3887597776,7818.8388319255,21.1102214861,-33.4726081208
2460847.1379629630,1562.1052246094,-3675.2492675781,5527.1518554688,-3527.0812988281,2142.3857421875,4847.2338867188,-6066.4438464300,2330.2247135494,-4239.7280600589,7759.3158320032,21.0126354851,-33.1207208013
2460847.1380787035,1522.5727539062,-3626.0935058594,5570.3574218750,-3528.6425781250,2139.8132324219,4847.2338867188,-6047.7717076361,2311.0563637413,-4167.3541183980,7699.5691108140,20.9135331490,-32.7684390589
2460847.1381944446,1482.8493652344,-3576.4836425781,5612.8627929688,-3530.2019042969,2137.2395019531,4847.2338867188,-6028.3656568910,2291.5105134453,-4095.2765351041,7639.6009598268,20.8128664832,-32.4157559162
2460847.1383101852,1442.9400634766,-3526.4252929688,5654.6630859375,-3531.7595214844,2134.6645507812,4847.2338867188,-6008.2289330192,2271.5885157077,-4023.5044438440,7579.4140476621,20.7105802864,-32.0626585795
2460847.1384259257,1402.8500976562,-3475.9248046875,5695.7519531250,-3533.3151855469,2132.0886230469,4847.2338867188,-5987.3635562423,2251.2931516602,-3952.0478661685,7519.0109419935,20.6066333256,-31.7091427940
2460847.1385416668,1362.5842285156,-3424.9890136719,5736.1254882812,-3534.8691406250,2129.5114746094,4847.2338867188,-5965.7736896814,2230.6256315991,-3880.9154384469,7458.3946707866,20.5009626669,-31.3551899271
2460847.1386574074,1322.1475830078,-3373.6237792969,5775.7778320312,-3536.4208984375,2126.9333496094,4847.2338867188,-5943.4616725890,2209.5887197919,-3810.1168125521,7397.5677820117,20.3935222301,-31.0007928350
2460847.1387731479,1281.5452880859,-3321.8359375000,5814.7045898438,-3537.9709472656,2124.3540039062,4847.2338867188,-5920.4312152571,2188.1843439526,-3739.6608813831,7336.5332416242,20.2842526023,-30.6459357403
2460847.1388888890,1240.7824707031,-3269.6318359375,5852.9003906250,-3539.5192871094,2121.7734375000,4847.2338867188,-5896.6853924807,2166.4144550039,-3669.5572793634,7275.2938659049,20.1730944362,-30.2906104315
2460847.1390046296,1199.8640136719,-3217.0178222656,5890.3608398438,-3541.0654296875,2119.1918945312,4847.2338867188,-5872.2274707398,2144.2818876025,-3599.8145240765,7213.8522919009,20.0599931471,-29.9347995095
2460847.1391203701,1158.7954101562,-3164.0009765625,5927.0810546875,-3542.6098632812,2116.6091308594,4847.2338867188,-5847.0608282447,2121.7886394278,-3530.4418670623,7152.2113458919,19.9448843703,-29.5784914903
2460847.1392361112,1117.5814208984,-3110.5874023438,5963.0566406250,-3544.1523437500,2114.0251464844,4847.2338867188,-5821.1889625115,2098.9363119682,-3461.4480212830,7090.3735432633,19.8276974536,-29.2216714767
2460847.1393518518,1076.2275390625,-3056.7841796875,5998.2827148438,-3545.6931152344,2111.4401855469,4847.2338867188,-5794.6162101913,2075.7289880679,-3392.8430487976,7028.3434612354,19.7083781815,-28.8643279000
2460847.1394675928,1034.7387695312,-3002.5979003906,6032.7548828125,-3547.2316894531,2108.8542480469,4847.2338867188,-5767.3450293146,2052.1679978352,-3324.6347835127,6966.1222083912,19.5868516899,-28.5064443590
2460847.1395833334,993.1203613281,-2948.0356445312,6066.4692382812,-3548.7685546875,2106.2668457031,4847.2338867188,-5739.3799912017,2028.2566339046,-3256.8322069969,6903.7137600654,19.4630508930,-28.1480022347
2460847.1396990740,951.3775634766,-2893.1037597656,6099.4213867188,-3550.3037109375,2103.6784667969,4847.2338867188,-5710.7252111244,2003.9960948588,-3189.4445546258,6841.1212057830,19.3368887228,-27.7889894691
2460847.1398148150,909.5155639648,-2837.8095703125,6131.6074218750,-3551.8366699219,2101.0891113281,4847.2338867188,-5681.3842713762,1979.3905281112,-3122.4799715838,6778.3475327516,19.2083029508,-27.4293842860
2460847.1399305556,867.5396118164,-2782.1596679688,6163.0224609375,-3553.3679199219,2098.4985351562,4847.2338867188,-5651.3613531426,1954.4419649162,-3055.9483884585,6715.3964209822,19.0772075028,-27.0691789557
2460847.1400462962,825.4549560547,-2726.1613769531,6193.6635742188,-3554.8972167969,2095.9067382812,4847.2338867188,-5620.6602742606,1929.1537597690,-2989.8568706827,6652.2703082970,18.9435260228,-26.7083439595
2460847.1401620372,783.2669067383,-2669.8215332031,6223.5268554688,-3556.4245605469,2093.3139648438,4847.2338867188,-5589.2858206986,1903.5280488081,-2924.2145813455,6588.9730562368,18.8071646048,-26.3468636360
2460847.1402777778,740.9807739258,-2613.1472167969,6252.6079101562,-3557.9501953125,2090.7199707031,4847.2338867188,-5557.2418277608,1877.5674354947,-2859.0305190640,6525.5077745708,18.6680328073,-25.9847242275
2460847.1403935184,698.6018066406,-2556.1455078125,6280.9033203125,-3559.4736328125,2088.1250000000,4847.2338867188,-5524.5321545228,1851.2761858678,-2794.3124236162,6461.8775107157,18.5260516961,-25.6219000424
2460847.1405092594,656.1353149414,-2498.8234863281,6308.4101562500,-3560.9953613281,2085.5288085938,4847.2338867188,-5491.1628407863,1824.6560173922,-2730.0692394708,6398.0869780070,18.3811079253,-25.2583701179
2460847.1406250000,613.5866699219,-2441.1884765625,6335.1240234375,-3562.5153808594,2082.9313964844,4847.2338867188,-5457.1367354386,1797.7103494547,-2666.3091310677,6334.1383180528,18.2331096336,-24.8941168508
2460847.1407407406,570.9611206055,-2383.2478027344,6361.0424804688,-3564.0332031250,2080.3330078125,4847.2338867188,-5422.4592698450,1770.4427799544,-2603.0398888719,6270.0357920254,18.0819542542,-24.5291098876
2460847.1408564816,528.2640991211,-2325.0085449219,6386.1616210938,-3565.5493164062,2077.7336425781,4847.2338867188,-5387.1351900906,1742.8555964121,-2540.2706422444,6205.7832803044,17.9275242205,-24.1633339596
2460847.1409722222,485.5009155273,-2266.4780273438,6410.4785156250,-3567.0634765625,2075.1330566406,4847.2338867188,-5351.1689649657,1714.9528886036,-2478.0090071060,6141.3843179726,17.7697151228,-23.7967601035
2460847.1410879628,442.6769104004,-2207.6638183594,6433.9902343750,-3568.5756835938,2072.5312500000,4847.2338867188,-5314.5654733110,1686.7373631574,-2416.2629461425,6076.8425787806,17.6084028276,-23.4293621655
2460847.1412037038,399.7974548340,-2148.5727539062,6456.6938476562,-3570.0861816406,2069.9284667969,4847.2338867188,-5277.3294265196,1658.2118733379,-2355.0402804352,6012.1616092185,17.4434595171,-23.0611129659
2460847.1413194444,356.8679504395,-2089.2126464844,6478.5859375000,-3571.5944824219,2067.3247070312,4847.2338867188,-5239.4659722654,1629.3809380760,-2294.3498394831,5947.3462234704,17.2747666960,-22.6919905995
2460847.1414351850,313.8937377930,-2029.5910644531,6499.6650390625,-3573.1010742188,2064.7197265625,4847.2338867188,-5200.9810061153,1600.2475508771,-2234.1985273684,5882.4007607231,17.1021825439,-22.3219551249
2460847.1415509260,270.8802490234,-1969.7150878906,6519.9272460938,-3574.6057128906,2062.1135253906,4847.2338867188,-5161.8781696860,1570.8146727591,-2174.5945394424,5817.3281139892,16.9255653293,-21.9509856599
2460847.1416666666,227.8328094482,-1909.5925292969,6539.3706054688,-3576.1086425781,2059.5063476562,4847.2338867188,-5122.1638284496,1541.0861119274,-2115.5458166399,5752.1337599326,16.7447666072,-21.5790482949
2460847.1417824072,184.7568511963,-1849.2307128906,6557.9926757812,-3577.6093750000,2056.8979492188,4847.2338867188,-5081.8425787556,1511.0654241486,-2057.0594432831,5686.8212794593,16.5596337504,-21.2061073609
2460847.1418981482,141.6577606201,-1788.6373291016,6575.7910156250,-3579.1083984375,2054.2885742188,4847.2338867188,-5040.9200958254,1480.7562146989,-1999.1434160571,5621.3956254502,16.3700037503,-20.8321313320
2460847.1420138888,98.5409240723,-1727.8199462891,6592.7636718750,-3580.6054687500,2051.6782226562,4847.2338867188,-4999.4020484168,1450.1623130532,-1941.8050867105,5555.8616407078,16.1757079942,-20.4570820279
2460847.1421296299,55.4117622375,-1666.7861328125,6608.9077148438,-3582.1005859375,2049.0666503906,4847.2338867188,-4957.2931056280,1419.2873320200,-1885.0522405572,5490.2234394940,15.9765702295,-20.0809286004
2460847.1422453704,12.2756643295,-1605.5435791016,6624.2221679688,-3583.5939941406,2046.4539794922,4847.2338867188,-4914.5996187178,1388.1348190451,-1828.8915275703,5424.4863266271,15.7723993362,-19.7036227662
2460847.1423611110,-30.8619632721,-1544.0999755859,6638.7045898438,-3585.0852050781,2043.8402099609,4847.2338867188,-4871.3267436204,1356.7088457832,-1773.3305052926,5358.6550753280,15.5630039830,-19.3251279640
2460847.1424768521,-73.9957199097,-1482.4628906250,6652.3530273438,-3586.5747070312,2041.2254638672,4847.2338867188,-4827.4805906776,1325.0130249880,-1718.3768989041,5292.7353548467,15.3481749236,-18.9454059684
2460847.1425925926,-117.1202011108,-1420.6402587891,6665.1665039062,-3588.0622558594,2038.6094970703,4847.2338867188,-4783.0667449173,1293.0512534890,-1664.0367104041,5226.7319812724,15.1276968890,-18.5644017008
2460847.1427083332,-160.2300109863,-1358.6396484375,6677.1425781250,-3589.5478515625,2035.9925537109,4847.2338867188,-4738.0908440310,1260.8278613281,-1610.3179047401,5160.6506853805,14.9013479981,-18.1820786529
2460847.1428240743,-203.3197479248,-1296.4688720703,6688.2797851562,-3591.0314941406,2033.3743896484,4847.2338867188,-4692.5585253507,1228.3462626212,-1557.2271676139,5094.4966882207,14.6688840590,-17.7983870582
2460847.1429398148,-246.3840179443,-1234.1358642578,6698.5771484375,-3592.5134277344,2030.7552490234,4847.2338867188,-4646.4766171288,1195.6108902478,-1504.7715523749,5028.2768200687,14.4300559959,-17.4132750671
2460847.1430555554,-289.4174194336,-1171.6481933594,6708.0332031250,-3593.9931640625,2028.1350097656,4847.2338867188,-4599.8503440474,1162.6257824452,-1452.9573957616,4961.9962808872,14.1846015258,-17.0266876086
2460847.1431712965,-332.4145812988,-1109.0137939453,6716.6469726562,-3595.4711914062,2025.5136718750,4847.2338867188,-4552.6863948563,1129.3947059531,-1401.7916331512,4895.6619158718,13.9322362885,-16.6385701676
2460847.1432870370,-375.3700866699,-1046.2404785156,6724.4174804688,-3596.9472656250,2022.8913574219,4847.2338867188,-4504.9908278924,1095.9224399899,-1351.2806668030,4829.2802563471,13.6726743374,-16.2488622586
2460847.1434027776,-418.2785949707,-983.3361206055,6731.3427734375,-3598.4213867188,2020.2678222656,4847.2338867188,-4456.7691750424,1062.2126174956,-1301.4317327187,4762.8575119671,13.4056012559,-15.8575140615
2460847.1435185187,-461.1347045898,-920.3086547852,6737.4233398438,-3599.8937988281,2017.6433105469,4847.2338867188,-4408.0286477123,1028.2696541712,-1252.2502898539,4696.4013701110,13.1306895108,-15.4644478126
2460847.1436342592,-503.9330749512,-857.1659545898,6742.6572265625,-3601.3640136719,2015.0177001953,4847.2338867188,-4358.7747153430,994.0980736795,-1203.7435214018,4629.9186239634,12.8475993966,-15.0696094782
2460847.1437499998,-546.6683349609,-793.9158935547,6747.0444335938,-3602.8325195312,2012.3909912109,4847.2338867188,-4309.0143259956,959.7020106278,-1155.9173030880,4563.4172746328,12.5559622339,-14.6729236078
2460847.1438657409,-589.3350830078,-730.5664062500,6750.5844726562,-3604.2988281250,2009.7631835938,4847.2338867188,-4258.7539408034,925.0857436368,-1108.7777383315,4496.9052507706,12.2553911786,-14.2743168280
2460847.1439814814,-631.9280395508,-667.1253662109,6753.2768554688,-3605.7634277344,2007.1343994141,4847.2338867188,-4207.9999455561,890.2538735438,-1062.3308668358,4430.3907696491,11.9454809615,-13.8737129166
2460847.1440972220,-674.4418945312,-603.6008300781,6755.1206054688,-3607.2260742188,2004.5045166016,4847.2338867188,-4156.7585571279,855.2109429066,-1016.5832249298,4363.8823210911,11.6258017798,-13.4710403705
2460847.1442129631,-716.8712158203,-540.0007324219,6756.1162109375,-3608.6870117188,2001.8735351562,4847.2338867188,-4105.0370737924,819.9608552100,-971.5403450303,4297.3894195556,11.2958863196,-13.0662100090
2460847.1443287036,-759.2108154297,-476.3329467773,6756.2636718750,-3610.1457519531,1999.2414550781,4847.2338867188,-4052.8417680392,784.5088571277,-927.2075315560,4230.9212176840,10.9552600149,-12.6591292372
2460847.1444444442,-801.4553222656,-412.6055297852,6755.5620117188,-3611.6027832031,1996.6083984375,4847.2338867188,-4000.1790630292,748.8591161832,-883.5914952851,4164.4875366278,10.6034036091,-12.2497215795
2460847.1445601853,-843.5994262695,-348.8264160156,6754.0122070312,-3613.0576171875,1993.9742431641,4847.2338867188,-3947.0563248596,713.0166069001,-840.6971865192,4098.0993244126,10.2397743546,-11.8378816409
2460847.1446759258,-885.6378173828,-285.0036315918,6751.6137695312,-3614.5107421875,1991.3389892578,4847.2338867188,-3893.4799345046,676.9852065428,-798.5306408897,4031.7671255552,9.8637823645,-11.4235192304
2460847.1447916669,-927.5653686523,-221.1451416016,6748.3676757812,-3615.9619140625,1988.7027587891,4847.2338867188,-3839.4570896209,640.7706133107,-757.0966662541,3965.5028790780,9.4748245265,-11.0065212545
2460847.1449074075,-969.3767089844,-157.2589416504,6744.2739257812,-3617.4111328125,1986.0654296875,4847.2338867188,-3784.9947194115,604.3768515380,-716.4011223904,3899.3187831736,9.0722351032,-10.5867879444
2460847.1450231480,-1011.0666503906,-93.3530578613,6739.3334960938,-3618.8583984375,1983.4270019531,4847.2338867188,-3730.0998061604,567.8086854937,-676.4486350231,3833.2276247393,8.6553161541,-10.1641985286
2460847.1451388891,-1052.6300048828,-29.4354705811,6733.5458984375,-3620.3037109375,1980.7875976562,4847.2338867188,-3674.7789270760,531.0712035276,-637.2454057318,3767.2428237671,8.2233298979,-9.7386532026
2460847.1452546297,-1094.0614013672,34.4858055115,6726.9130859375,-3621.7473144531,1978.1470947266,4847.2338867188,-3619.0400050974,494.1689556910,-598.7955767775,3701.3794263804,7.7754783828,-9.3100157808
2460847.1453703702,-1135.3558349609,98.4027709961,6719.4350585938,-3623.1887207031,1975.5056152344,4847.2338867188,-3562.8892866354,457.1071107123,-561.1044305254,3635.6519582381,7.3109240417,-8.8781680432
2460847.1454861113,-1176.5080566406,162.3074188232,6711.1132812500,-3624.6284179688,1972.8629150391,4847.2338867188,-3506.3345635675,419.8902858914,-524.1766378730,3570.0771800545,6.8287606746,-8.4429761212
2460847.1456018519,-1217.5129394531,226.1917266846,6701.9482421875,-3626.0659179688,1970.2193603516,4847.2338867188,-3449.3825432964,382.5235544713,-488.0172315588,3504.6718845024,6.3280303898,-8.0043118200
2460847.1457175924,-1258.3652343750,290.0477294922,6691.9414062500,-3627.5017089844,1967.5745849609,4847.2338867188,-3392.0409970414,345.0115841363,-452.6308650108,3439.4548723248,5.8077009546,-7.5620365223
2460847.1458333335,-1299.0600585938,353.8673706055,6681.0942382812,-3628.9355468750,1964.9288330078,4847.2338867188,-3334.3171194395,307.3597471588,-418.0217040619,3374.4455562696,5.2666822647,-7.1160028956
2460847.1459490741,-1339.5920410156,417.6427307129,6669.4077148438,-3630.3674316406,1962.2821044922,4847.2338867188,-3276.2181394978,269.5727439108,-384.1945830817,3309.6646717611,4.7037969573,-6.6660734809
2460847.1460648146,-1379.9561767578,481.3657531738,6656.8833007812,-3631.7973632812,1959.6342773438,4847.2338867188,-3217.7515137007,231.6556555824,-351.1538893380,3245.1345427707,4.1177919569,-6.2121025330
2460847.1461805557,-1420.1475830078,545.0285034180,6643.5224609375,-3633.2253417969,1956.9853515625,4847.2338867188,-3158.9241072780,193.6137195131,-318.9035100962,3180.8783750212,3.5073299964,-5.7539370419
2460847.1462962963,-1460.1610107422,608.6229858398,6629.3276367188,-3634.6516113281,1954.3354492188,4847.2338867188,-3099.7448963670,155.4516772046,-287.4478387981,3116.9231473569,2.8709683366,-5.2914307304
2460847.1464120368,-1499.9915771484,672.1412353516,6614.2993164062,-3636.0756835938,1951.6845703125,4847.2338867188,-3040.2194810949,117.1753844305,-256.7909717989,3053.2943138753,2.2071872405,-4.8244413374
2460847.1465277779,-1539.6341552734,735.5752563477,6598.4404296875,-3637.4978027344,1949.0325927734,4847.2338867188,-2980.3569096899,78.7891172375,-226.9367240344,2990.0226271463,1.5143262486,-4.3528207341
2460847.1466435185,-1579.0838623047,798.9171752930,6581.7529296875,-3638.9182128906,1946.3795166016,4847.2338867188,-2920.1644522541,40.2985089829,-197.8886856847,2927.1392740963,0.7906362696,-3.8764267585
2460847.1467592590,-1618.3358154297,862.1589965820,6564.2377929688,-3640.3366699219,1943.7254638672,4847.2338867188,-2859.6488066621,1.7086342065,-169.6512419597,2864.6772524620,0.0342341049,-3.3951437283
2460847.1468750001,-1657.3848876953,925.2927856445,6545.8984375000,-3641.7529296875,1941.0704345703,4847.2338867188,-2798.8187248215,-36.9749901397,-142.2273177365,2802.6740827677,359.2431136644,-2.9088386654
2460847.1469907407,-1696.2264404297,988.3106689453,6526.7363281250,-3643.1674804688,1938.4143066406,4847.2338867188,-2737.6812968844,-75.7475391504,-115.6209904888,2741.1685074872,358.4151159882,-2.4174218564
2460847.1471064813,-1734.8554687500,1051.2047119141,6506.7543945312,-3644.5800781250,1935.7570800781,4847.2338867188,-2676.2445590809,-114.6035989092,-89.8352193420,2680.2032183264,357.5479470940,-1.9208032987
2460847.1472222223,-1773.2670898438,1113.9671630859,6485.9550781250,-3645.9907226562,1933.0988769531,4847.2338867188,-2614.5162600009,-153.5378979954,-64.8733596452,2619.8239850649,356.6391558173,-1.4189310805
2460847.1473379629,-1811.4564208984,1176.5899658203,6464.3403320312,-3647.3991699219,1930.4396972656,4847.2338867188,-2552.5037215870,-192.5448836668,-40.7390454185,2560.0797742967,355.6861354194,-0.9117973246
2460847.1474537039,-1849.4189453125,1239.0653076172,6441.9135742188,-3648.8059082031,1927.7794189453,4847.2338867188,-2490.2153179662,-231.6194511315,-17.4348820632,2501.0245650709,354.6861041110,-0.3994176081
2460847.1475694445,-1887.1496582031,1301.3854980469,6418.6772460938,-3650.2106933594,1925.1181640625,4847.2338867188,-2427.6586589167,-270.7562734988,5.0358924594,2442.7158827962,353.6361130492,0.1181208140
2460847.1476851851,-1924.6439208984,1363.5424804688,6394.6347656250,-3651.6135253906,1922.4559326172,4847.2338867188,-2364.8419794044,-309.9497108514,26.6707904314,2385.2164979037,352.5330497401,0.6406779321
2460847.1478009261,-1961.8969726562,1425.5286865234,6369.7880859375,-3653.0146484375,1919.7926025391,4847.2338867188,-2301.7725877909,-349.1948117308,47.4661893178,2328.5933740294,351.3736116149,1.1680015587
2460847.1479166667,-1998.9041748047,1487.3363037109,6344.1411132812,-3654.4135742188,1917.1282958984,4847.2338867188,-2238.4586365413,-388.4857876921,67.4203106394,2272.9196582880,350.1543523988,1.6997811302
2460847.1480324073,-2035.6608886719,1548.9575195312,6317.6967773438,-3655.8105468750,1914.4628906250,4847.2338867188,-2174.9080465353,-427.8173693529,86.5302928188,2218.2741498695,348.8716576653,2.2355572054
2460847.1481481483,-2072.1623535156,1610.3845214844,6290.4589843750,-3657.2055664062,1911.7965087891,4847.2338867188,-2111.1293624438,-467.1839921608,104.7940257024,2164.7424454947,347.5217861855,2.7747425651
2460847.1482638889,-2108.4042968750,1671.6098632812,6262.4296875000,-3658.5986328125,1909.1291503906,4847.2338867188,-2047.1293501333,-506.5802893693,122.2083455239,2112.4149794656,346.1008704996,3.3165520183
2460847.1483796295,-2144.3818359375,1732.6256103516,6233.6137695312,-3659.9899902344,1906.4608154297,4847.2338867188,-1982.9174099931,-546.0008209738,138.7716974215,2061.3917471851,344.6049856311,3.8600379684
2460847.1484953705,-2180.0908203125,1793.4241943359,6204.0146484375,-3661.3791503906,1903.7913818359,4847.2338867188,-1918.5008212684,-585.4398812597,154.4824018957,2011.7778377029,343.0301759198,4.4040207694
2460847.1486111111,-2215.5263671875,1853.9980468750,6173.6352539062,-3662.7663574219,1901.1209716797,4847.2338867188,-1853.8876108887,-624.8922154552,169.3375076864,1963.6865193438,341.3725176103,4.9470166791
2460847.1487268517,-2250.6843261719,1914.3394775391,6142.4799804688,-3664.1518554688,1898.4494628906,4847.2338867188,-1789.0862051681,-664.3523043984,183.3356442013,1917.2390023982,339.6282205324,5.4872833793
2460847.1488425927,-2285.5600585938,1974.4409179688,6110.5522460938,-3665.5351562500,1895.7770996094,4847.2338867188,-1724.1043088826,-703.8142792178,196.4747720847,1872.5630946925,337.7937231649,6.0227251884
2460847.1489583333,-2320.1494140625,2034.2949218750,6077.8569335938,-3666.9167480469,1893.1036376953,4847.2338867188,-1658.9506734324,-743.2730269594,208.7538853015,1829.7951563264,335.8658046798,6.5509058108
2460847.1490740739,-2354.4477539062,2093.8940429688,6044.3969726562,-3668.2961425781,1890.4291992188,4847.2338867188,-1593.6325798272,-782.7228531769,220.1706633893,1789.0765733722,333.8417414244,7.0689596701
2460847.1491898149,-2388.4511718750,2153.2304687500,6010.1777343750,-3669.6735839844,1887.7536621094,4847.2338867188,-1528.1589168496,-822.1579348718,230.7246236043,1750.5562535826,331.7195031674,7.5736630645
2460847.1493055555,-2422.1547851562,2212.2971191406,5975.2026367188,-3671.0493164062,1885.0772705078,4847.2338867188,-1462.5378302996,-861.5732092164,240.4133536330,1714.3873192782,329.4978888582,8.0613182596
2460847.1494212961,-2455.5549316406,2271.0861816406,5939.4760742188,-3672.4228515625,1882.3997802734,4847.2338867188,-1396.7768495149,-900.9624730908,249.2362414237,1680.7253342821,327.1767844984,8.5278936136
2460847.1495370371,-2488.6472167969,2329.5905761719,5903.0029296875,-3673.7946777344,1879.7213134766,4847.2338867188,-1330.8848410367,-940.3206104222,257.1921835704,1649.7288049179,324.7573449531,8.9689781363
2460847.1496527777,-2521.4274902344,2387.8029785156,5865.7871093750,-3675.1643066406,1877.0417480469,4847.2338867188,-1264.8691941503,-979.6419355653,264.2800469878,1621.5536819559,322.2421968821,9.3798809638
2460847.1497685187,-2553.8916015625,2445.7160644531,5827.8339843750,-3676.5322265625,1874.3613281250,4847.2338867188,-1198.7390321739,-1018.9208514007,270.4991505941,1596.3535821203,319.6356667112,9.7557345036
2460847.1498842593,-2586.0354003906,2503.3225097656,5789.1484375000,-3677.8979492188,1871.6798095703,4847.2338867188,-1132.5023093112,-1058.1517406128,275.8491625143,1574.2742287216,316.9438665860,10.0916396285
2460847.1499999999,-2617.8549804688,2560.6147460938,5749.7343750000,-3679.2619628906,1868.9974365234,4847.2338867188,-1066.1670963255,-1097.3286391871,280.3283733617,1555.4505509913,314.1748070451,10.3827644958
2460847.1501157410,-2649.3461914062,2617.5861816406,5709.5971679688,-3680.6237792969,1866.3139648438,4847.2338867188,-999.7413934150,-1136.4465375686,283.9370518367,1540.0044921573,311.3383551438,10.6246474087
2460847.1502314815,-2680.5053710938,2674.2292480469,5668.7421875000,-3681.9836425781,1863.6295166016,4847.2338867188,-933.2338125589,-1175.4993261080,286.6749492781,1528.0400980102,308.4462072892,10.8133143283
2460847.1503472221,-2711.3281250000,2730.5368652344,5627.1743164062,-3683.3417968750,1860.9440917969,4847.2338867188,-866.6529344402,-1214.4817448593,288.5412040203,1519.6411562562,305.5116152521,10.9454640684
2460847.1504629632,-2741.8110351562,2786.5021972656,5584.8984375000,-3684.6977539062,1858.2575683594,4847.2338867188,-800.0060384848,-1253.3880709152,289.5360548239,1514.8671377278,302.5490648060,11.0187177344
2460847.1505787037,-2771.9499511719,2842.1179199219,5541.9204101562,-3686.0517578125,1855.5701904297,4847.2338867188,-733.3023072529,-1292.2124646140,289.6594099790,1513.7529195069,299.5739624856,11.0316866864
2460847.1506944443,-2801.7412109375,2897.3771972656,5498.2451171875,-3687.4040527344,1852.8818359375,4847.2338867188,-666.5496630525,-1330.9496055824,288.9109645839,1516.3063184502,296.6020563710,10.9840671103
2460847.1508101854,-2831.1809082031,2952.2729492188,5453.8779296875,-3688.7541503906,1850.1923828125,4847.2338867188,-599.7560835151,-1369.5937183526,287.2910064227,1522.5079426511,293.6489971875,10.8766881913
2460847.1509259259,-2860.2656250000,3006.7985839844,5408.8251953125,-3690.1022949219,1847.5020751953,4847.2338867188,-532.9302810771,-1408.1392308857,284.8004808235,1532.3126612821,290.7298599009,10.7114609436
2460847.1510416665,-2888.9914550781,3060.9470214844,5363.0917968750,-3691.4484863281,1844.8106689453,4847.2338867188,-466.0801869052,-1446.5806595751,281.4390753931,1545.6501216124,287.8586498782,10.4912051344
2460847.1511574076,-2917.3549804688,3114.7114257812,5316.6835937500,-3692.7929687500,1842.1182861328,4847.2338867188,-399.2142269403,-1484.9122845478,277.2073382671,1562.4277263866,285.0479844404,10.2195706031
2460847.1512731481,-2945.3522949219,3168.0849609375,5269.6064453125,-3694.1352539062,1839.4250488281,4847.2338867188,-332.3406388894,-1523.1282602317,272.1059767644,1582.5333045358,282.3087966580,9.9008250753
2460847.1513888887,-2972.9802246094,3221.0612792969,5221.8666992188,-3695.4755859375,1836.7307128906,4847.2338867188,-265.4676834318,-1561.2234873944,266.1363182476,1605.8394715628,279.6501743737,9.5396639004
2460847.1515046298,-3000.2351074219,3273.6333007812,5173.4697265625,-3696.8139648438,1834.0354003906,4847.2338867188,-198.6035207643,-1599.1919753641,259.2984961118,1632.2052697546,277.0793116048,9.1409591234
2460847.1516203703,-3027.1137695312,3325.7946777344,5124.4213867188,-3698.1503906250,1831.3392333984,4847.2338867188,-131.7560213935,-1637.0281547680,251.5935282037,1661.4813065787,274.6015253365,8.7096462507
2460847.1517361109,-3053.6123046875,3377.5385742188,5074.7290039062,-3699.4848632812,1828.6419677734,4847.2338867188,-64.9345438722,-1674.7266551055,243.0230923959,1693.5129428931,272.2204295664,8.2505633850
2460847.1518518520,-3079.7277832031,3428.8588867188,5024.3974609375,-3700.8171386719,1825.9438476562,4847.2338867188,1.8540583720,-1712.2817670770,233.5877877002,1728.1422227234,269.9379601651,7.7682763914
2460847.1519675925,-3105.4567871094,3479.7487792969,4973.4335937500,-3702.1477050781,1823.2446289062,4847.2338867188,68.6007749604,-1749.6880858440,223.2889469565,1765.2117204184,267.7547296983,7.2670489470
2460847.1520833331,-3130.7961425781,3530.2021484375,4921.8442382812,-3703.4763183594,1820.5445556641,4847.2338867188,135.2973462698,-1786.9399778183,212.1285378913,1804.5659790711,265.6701374712,6.7507848883
2460847.1521990742,-3155.7426757812,3580.2124023438,4869.6352539062,-3704.8029785156,1817.8433837891,4847.2338867188,201.9359867351,-1824.0319022570,200.1076501836,1846.0535189566,263.6825911791,6.2229486945
2460847.1523148147,-3180.2929687500,3629.7734375000,4816.8134765625,-3706.1274414062,1815.1413574219,4847.2338867188,268.5083033199,-1860.9583002179,187.2281387371,1889.5282162583,261.7897416987,5.6866122208
2460847.1524305558,-3204.4443359375,3678.8789062500,4763.3857421875,-3707.4501953125,1812.4382324219,4847.2338867188,335.0059794818,-1897.7138196109,173.4919231441,1934.8504321593,259.9886440718,5.1444409072
2460847.1525462964,-3228.1933593750,3727.5227050781,4709.3579101562,-3708.7707519531,1809.7342529297,4847.2338867188,401.4214422277,-1934.2927625809,158.9002728476,1981.8872224131,258.2758974230,4.5986962951
2460847.1526620369,-3251.5373535156,3775.6984863281,4654.7377929688,-3710.0895996094,1807.0292968750,4847.2338867188,467.7457292601,-1970.6896358012,143.4558402900,2030.5130597976,256.6478472796,4.0513245311
2460847.1527777780,-3274.4731445312,3823.4006347656,4599.5312500000,-3711.4062500000,1804.3233642578,4847.2338867188,533.9716890007,-2006.8992662839,127.1602512897,2080.6105255846,255.1006110155,3.5039181855
2460847.1528935186,-3296.9978027344,3870.6225585938,4543.7460937500,-3712.7209472656,1801.6165771484,4847.2338867188,600.0901898041,-2042.9155782938,110.0160150776,2132.0684368725,253.6302689396,2.9578103012
2460847.1530092591,-3319.1086425781,3917.3588867188,4487.3886718750,-3714.0336914062,1798.9086914062,4847.2338867188,666.0940709157,-2078.7341386753,92.0253891829,2184.7850244034,252.2328502330,2.4140712730
2460847.1531250002,-3340.8029785156,3963.6032714844,4430.4667968750,-3715.3444824219,1796.1999511719,4847.2338867188,731.9745035017,-2114.3485241641,73.1911389134,2238.6632837984,250.9044600721,1.8735692997
2460847.1532407408,-3362.0778808594,4009.3500976562,4372.9868164062,-3716.6533203125,1793.4901123047,4847.2338867188,797.7239902778,-2149.7538264616,53.5152372072,2293.6148237366,249.6412732233,1.3369618437
2460847.1533564813,-3382.9306640625,4054.5937500000,4314.9565429688,-3717.9602050781,1790.7794189453,4847.2338867188,863.3342513895,-2184.9450227129,33.0009136243,2349.5573715490,248.4396069643,0.8047793464
2460847.1534722224,-3403.3586425781,4099.3281250000,4256.3828125000,-3719.2651367188,1788.0677490234,4847.2338867188,928.7971622894,-2219.9157572367,11.6502501198,2406.4134861309,247.2959081405,0.2773890579
2460847.1535879630,-3423.3593750000,4143.5483398438,4197.2734375000,-3720.5678710938,1785.3552246094,4847.2338867188,994.1052186006,-2254.6618632251,-10.5328679529,2464.1136833429,246.2067898835,-0.2449118812
2460847.1537037035,-3442.9304199219,4187.2475585938,4137.6352539062,-3721.8688964844,1782.6416015625,4847.2338867188,1059.2500687831,-2289.1768439141,-33.5465505979,2522.5912673254,245.1690311232,-0.7619674454
2460847.1538194446,-3462.0690917969,4230.4218750000,4077.4760742188,-3723.1677246094,1779.9271240234,4847.2338867188,1124.2242127400,-2323.4565144289,-57.3869088426,2581.7868835866,244.1795862796,-1.2736521777
2460847.1539351852,-3480.7729492188,4273.0644531250,4016.8037109375,-3724.4648437500,1777.2116699219,4847.2338867188,1189.0189463951,-2357.4950049679,-82.0510718764,2641.6436420780,243.2355900432,-1.7799283356
2460847.1540509257,-3499.0397949219,4315.1704101562,3955.6252441406,-3725.7597656250,1774.4952392578,4847.2338867188,1253.6272769622,-2391.2870151287,-107.5356809186,2702.1100756515,242.3343173355,-2.2807983521
2460847.1541666668,-3516.8674316406,4356.7348632812,3893.9489746094,-3727.0527343750,1771.7779541016,4847.2338867188,1318.0409282493,-2424.8275493087,-133.8368638414,2763.1382228455,241.4732357142,-2.7762957982
2460847.1542824074,-3534.2534179688,4397.7524414062,3831.7822265625,-3728.3437500000,1769.0596923828,4847.2338867188,1382.2522804151,-2458.1115919458,-160.9514724066,2824.6839365921,240.6499580168,-3.2665026499
2460847.1543981479,-3551.1955566406,4438.2172851562,3769.1330566406,-3729.6328125000,1766.3404541016,4847.2338867188,1446.2531631904,-2491.1333570184,-188.8758646467,2886.7053377050,239.8622502352,-3.7515177127
2460847.1545138890,-3567.6916503906,4478.1250000000,3706.0090332031,-3730.9196777344,1763.6202392578,4847.2338867188,1510.0363791310,-2523.8882666896,-217.6062153821,2949.1650197989,239.1080167259,-4.2314549046
2460847.1546296296,-3583.7397460938,4517.4702148438,3642.4182128906,-3732.2048339844,1760.8991699219,4847.2338867188,1573.5937060483,-2556.3708289671,-247.1389265516,3012.0269945547,238.3853059583,-4.7064498716
2460847.1547453701,-3599.3376464844,4556.2485351562,3578.3688964844,-3733.4880371094,1758.1771240234,4847.2338867188,1636.9175717206,-2588.5766653406,-277.4695307052,3075.2589532303,237.6922939136,-5.1766315897
2460847.1548611112,-3614.4836425781,4594.4541015625,3513.8688964844,-3734.7690429688,1755.4542236328,4847.2338867188,1700.0005886746,-2620.4998548890,-308.5940436283,3138.8296823386,237.0272582720,-5.6421489931
2460847.1549768518,-3629.1757812500,4632.0830078125,3448.9262695312,-3736.0480957031,1752.7303466797,4847.2338867188,1762.8350512746,-2652.1356524301,-340.5084304297,3202.7108717596,236.3886058134,-6.1031545544
2460847.1550925928,-3643.4121093750,4669.1298828125,3383.5490722656,-3737.3251953125,1750.0054931641,4847.2338867188,1825.4134871828,-2683.4794326927,-373.2084589264,3266.8763090586,235.7748457071,-6.5598003579
2460847.1552083334,-3657.1906738281,4705.5903320312,3317.7458496094,-3738.6003417969,1747.2796630859,4847.2338867188,1887.7278254618,-2714.5256629009,-406.6897636787,3331.3004189732,235.1845845174,-7.0122403944
2460847.1553240740,-3670.5100097656,4741.4599609375,3251.5246582031,-3739.8735351562,1744.5529785156,4847.2338867188,1949.7711927427,-2745.2701518516,-440.9476059772,3395.9609393975,234.6165158255,-7.4606195222
2460847.1554398150,-3683.3681640625,4776.7338867188,3184.8940429688,-3741.1447753906,1741.8253173828,4847.2338867188,2011.5355976448,-2775.7075794214,-475.9775531038,3460.8355433491,234.0694228375,-7.9050908616
2460847.1555555556,-3695.7639160156,4811.4082031250,3117.8623046875,-3742.4138183594,1739.0968017578,4847.2338867188,2073.0142256616,-2805.8330783861,-511.7744968359,3525.9041931358,233.5421558915,-8.3457930526
2460847.1556712962,-3707.6953125000,4845.4775390625,3050.4375000000,-3743.6809082031,1736.3673095703,4847.2338867188,2134.1992512263,-2835.6414132837,-548.3345037035,3591.1473649263,233.0336489317,-8.7828840385
2460847.1557870372,-3719.1608886719,4878.9389648438,2982.6286621094,-3744.9462890625,1733.6369628906,4847.2338867188,2195.0831927360,-2865.1289051957,-585.6520704171,3656.5478547401,232.5429143183,-9.2164907335
2460847.1559027778,-3730.1594238281,4911.7871093750,2914.4443359375,-3746.2094726562,1730.9056396484,4847.2338867188,2255.6589609548,-2894.2896738999,-623.7220013473,3722.0880160931,232.0690014277,-9.6467465494
2460847.1560185184,-3740.6894531250,4944.0180664062,2845.8925781250,-3747.4704589844,1728.1733398438,4847.2338867188,2315.9197347302,-2923.1194802906,-662.5395136269,3787.7526741967,231.6110314570,-10.0737847200
2460847.1561342594,-3750.7495117188,4975.6284179688,2776.9824218750,-3748.7297363281,1725.4401855469,4847.2338867188,2375.8576531622,-2951.6140606567,-702.0994247243,3853.5267941658,231.1681927001,-10.4977309254
2460847.1562500000,-3760.3383789062,5006.6137695312,2707.7224121094,-3749.9870605469,1722.7061767578,4847.2338867188,2435.4657979746,-2979.7685010436,-742.3963944357,3919.3961753550,230.7397065515,-10.9187053183
2460847.1563657406,-3769.4548339844,5036.9697265625,2638.1210937500,-3751.2421875000,1719.9711914062,4847.2338867188,2494.7370849827,-3007.5774490073,-783.4252228601,3985.3469503644,230.3248397894,-11.3368282015
2460847.1564814816,-3778.0979003906,5066.6933593750,2568.1877441406,-3752.4953613281,1717.2352294922,4847.2338867188,2553.6644180725,-3035.0374228415,-825.1797609781,4051.3671465452,229.9229209229,-11.7521994184
2460847.1565972222,-3786.2663574219,5095.7802734375,2497.9306640625,-3753.7465820312,1714.4984130859,4847.2338867188,2612.2408159324,-3062.1433685774,-867.6550416281,4117.4445183158,229.5333033224,-12.1649356459
2460847.1567129628,-3793.9589843750,5124.2275390625,2427.3591308594,-3754.9958496094,1711.7607421875,4847.2338867188,2670.4591198309,-3088.8915701131,-910.8449687445,4183.5680464994,229.1553927653,-12.5751322527
2460847.1568287038,-3801.1752929688,5152.0307617188,2356.4816894531,-3756.2431640625,1709.0220947266,4847.2338867188,2728.3126961034,-3115.2766693078,-954.7439614372,4249.7264530736,228.7886097061,-12.9828915147
2460847.1569444444,-3807.9138183594,5179.1865234375,2285.3073730469,-3757.4882812500,1706.2824707031,4847.2338867188,2785.7943488771,-3141.2942594707,-999.3462747853,4315.9092617601,228.4324224399,-13.3883095955
2460847.1570601850,-3814.1743164062,5205.6918945312,2213.8449707031,-3758.7316894531,1703.5421142578,4847.2338867188,2842.8976745476,-3166.9406281968,-1044.6458136097,4382.1073704741,228.0863280907,-13.7914722081
2460847.1571759260,-3819.9553222656,5231.5434570312,2142.1040039062,-3759.9729003906,1700.8006591797,4847.2338867188,2899.6153256765,-3192.2112701559,-1090.6363216919,4448.3108497948,227.7498548329,-14.1924643406
2460847.1572916666,-3825.2565917969,5256.7377929688,2070.0930175781,-3761.2121582031,1698.0584716797,4847.2338867188,2955.9411083144,-3217.1019051223,-1137.3118462909,4514.5111296216,227.4225480915,-14.5913695151
2460847.1574074072,-3830.0773925781,5281.2714843750,1997.8211669922,-3762.4494628906,1695.3153076172,4847.2338867188,3011.8680954240,-3241.6081399315,-1184.6660954053,4580.6993477750,227.1039846048,-14.9882664781
2460847.1575231482,-3834.4169921875,5305.1420898438,1925.2977294922,-3763.6845703125,1692.5711669922,4847.2338867188,3067.3900012661,-3265.7263672958,-1232.6925544465,4646.8678762911,226.7937652011,-15.3832259268
2460847.1576388888,-3838.2749023438,5328.3457031250,1852.5317382812,-3764.9177246094,1689.8261718750,4847.2338867188,3122.4999401791,-3289.4517269692,-1281.3852161588,4713.0082338851,226.4915071802,-15.7763268643
2460847.1577546299,-3841.6506347656,5350.8803710938,1779.5323486328,-3766.1491699219,1687.0803222656,4847.2338867188,3177.1913820914,-3312.7809311637,-1330.7374528412,4779.1133847935,226.1968585577,-16.1676343819
2460847.1578703704,-3844.5437011719,5372.7426757812,1706.3087158203,-3767.3784179688,1684.3336181641,4847.2338867188,3231.4580381706,-3335.7094800948,-1380.7424327854,4845.1757918311,225.9094736711,-16.5572118737
2460847.1579861110,-3846.9538574219,5393.9301757812,1632.8702392578,-3768.6054687500,1681.5859375000,4847.2338867188,3285.2935873234,-3358.2334306253,-1431.3933515651,4911.1885176994,225.6290299207,-16.9451202375
2460847.1581018521,-3848.8808593750,5414.4404296875,1559.2259521484,-3769.8308105469,1678.8374023438,4847.2338867188,3338.6915263433,-3380.3494818857,-1482.6835587606,4977.1451920936,225.3552284397,-17.3314194274
2460847.1582175926,-3850.3242187500,5434.2700195312,1485.3853759766,-3771.0539550781,1676.0878906250,4847.2338867188,3391.6458280405,-3402.0529028222,-1534.6066408728,5043.0390558349,225.0877697142,-17.7161727502
2460847.1583333332,-3851.2841796875,5453.4174804688,1411.3575439453,-3772.2751464844,1673.3375244141,4847.2338867188,3444.1504254590,-3423.3407589907,-1587.1549390894,5108.8643460198,224.8263845733,-18.0994242723
2460847.1584490743,-3851.7600097656,5471.8793945312,1337.1519775391,-3773.4943847656,1670.5863037109,4847.2338867188,3496.1983054582,-3444.2081797201,-1640.3222342238,5174.6139574300,224.5708091347,-18.4812394772
2460847.1585648148,-3851.7521972656,5489.6542968750,1262.7780761719,-3774.7116699219,1667.8342285156,4847.2338867188,3547.7841614326,-3464.6526846953,-1694.1005441982,5240.2831350540,224.3207982112,-18.8616538519
2460847.1586805554,-3851.2607421875,5506.7392578125,1188.2449951172,-3775.9267578125,1665.0811767578,4847.2338867188,3598.9020599816,-3484.6696742035,-1748.4830564640,5305.8657893312,224.0761064396,-19.2407210073
2460847.1587962965,-3850.2851562500,5523.1328125000,1113.5622558594,-3777.1401367188,1662.3272705078,4847.2338867188,3649.5455157640,-3504.2563793357,-1803.4631054934,5371.3568506126,223.8365193498,-19.6184917172
2460847.1589120370,-3848.8261718750,5538.8325195312,1038.7392578125,-3778.3513183594,1659.5725097656,4847.2338867188,3699.7090672491,-3523.4084594660,-1859.0325204877,5436.7505246013,223.6018120968,-19.9950018763
2460847.1590277776,-3846.8837890625,5553.8369140625,963.7854003906,-3779.5603027344,1656.8168945312,4847.2338867188,3749.3870731297,-3542.1231981100,-1915.1839221501,5502.0423144868,223.3717847251,-20.3702911637
2460847.1591435187,-3844.4582519531,5568.1435546875,888.7101440430,-3780.7675781250,1654.0603027344,4847.2338867188,3798.5731941602,-3560.3968582760,-1971.9102016694,5567.2267731126,223.1462437381,-20.7444054576
2460847.1592592592,-3841.5495605469,5581.7504882812,813.5229492188,-3781.9726562500,1651.3029785156,4847.2338867188,3847.2618662948,-3578.2256172224,-2029.2039144115,5632.2989055851,222.9249979317,-21.1173847557
2460847.1593749998,-3838.1586914062,5594.6567382812,738.2333374023,-3783.1757812500,1648.5446777344,4847.2338867188,3895.4478107588,-3595.6069120426,-2087.0567350275,5697.2544727700,222.7078725430,-21.4892562124
2460847.1594907409,-3834.2856445312,5606.8603515625,662.8507080078,-3784.3769531250,1645.7854003906,4847.2338867188,3943.1253409009,-3612.5373550307,-2145.4616423020,5762.0889661768,222.4946971557,-21.8600619623
2460847.1596064814,-3829.9311523438,5618.3593750000,587.3845825195,-3785.5761718750,1643.0253906250,4847.2338867188,3990.2884506344,-3629.0130277682,-2204.4102864768,5826.7969062000,222.2853068931,-22.2298334223
2460847.1597222220,-3825.0957031250,5629.1533203125,511.8445434570,-3786.7731933594,1640.2645263672,4847.2338867188,4036.9325811382,-3645.0315951946,-2263.8950123064,5891.3751044529,222.0795460033,-22.5986001644
2460847.1598379631,-3819.7797851562,5639.2402343750,436.2399902344,-3787.9682617188,1637.5026855469,4847.2338867188,4083.0522234549,-3660.5900224273,-2323.9083285701,5955.8193971403,221.8772667173,-22.9663970601
2460847.1599537036,-3813.9843750000,5648.6186523438,360.5805358887,-3789.1613769531,1634.7399902344,4847.2338867188,4128.6413181029,-3675.6845222823,-2384.4412911934,6020.1242605149,221.6783254282,-23.3332491955
2460847.1600694442,-3807.7097167969,5657.2880859375,284.8756408691,-3790.3525390625,1631.9764404297,4847.2338867188,4173.6952928306,-3690.3129587348,-2445.4868957590,6084.2869991586,221.4825868866,-23.6991902519
2460847.1601851853,-3800.9572753906,5665.2475585938,209.1349029541,-3791.5415039062,1629.2120361328,4847.2338867188,4218.2093447102,-3704.4726189615,-2507.0357750407,6148.3034926531,221.2899186333,-24.0642351248
2460847.1603009258,-3793.7272949219,5672.4951171875,133.3678131104,-3792.7285156250,1626.4467773438,4847.2338867188,4262.1774699845,-3718.1594356514,-2569.0808562527,6212.1689304566,221.1001912089,-24.4284251591
2460847.1604166669,-3786.0212402344,5679.0302734375,57.5839424133,-3793.9135742188,1623.6806640625,4847.2338867188,4305.5951587805,-3731.3712512888,-2631.6131638134,6275.8799327437,220.9132846948,-24.7917762269
2460847.1605324075,-3777.8395996094,5684.8530273438,-18.2071819305,-3795.0964355469,1620.9136962891,4847.2338867188,4348.4577385722,-3744.1061827438,-2694.6244991627,6339.4334923002,220.7290870699,-25.1543104926
2460847.1606481480,-3769.1838378906,5689.9614257812,-93.9960174561,-3796.2775878906,1618.1458740234,4847.2338867188,4390.7599547349,-3756.3600227523,-2758.1071559999,6402.8250549748,220.5474769615,-25.5160614616
2460847.1607638891,-3760.0549316406,5694.3559570312,-169.7730102539,-3797.4565429688,1615.3770751953,4847.2338867188,4432.4974401852,-3768.1319687000,-2822.0513985210,6466.0518236928,220.3683571715,-25.8770349968
2460847.1608796297,-3750.4538574219,5698.0356445312,-245.5286407471,-3798.6335449219,1612.6075439453,4847.2338867188,4473.6652644099,-3779.4183513166,-2886.4498858067,6529.1099635042,220.1916164991,-26.2372651358
2460847.1609953702,-3740.3818359375,5701.0000000000,-321.2533569336,-3799.8083496094,1609.8371582031,4847.2338867188,4514.2585561259,-3790.2168042690,-2951.2933084368,6591.9955952157,220.0171569110,-26.5967667167
2460847.1611111113,-3729.8405761719,5703.2485351562,-396.9376220703,-3800.9812011719,1607.0657958984,4847.2338867188,4554.2730780598,-3800.5249662829,-3016.5730997730,6654.7055949271,219.8448799716,-26.9555587006
2460847.1612268519,-3718.8310546875,5704.7812500000,-472.5719299316,-3802.1520996094,1604.2937011719,4847.2338867188,4593.7042784604,-3810.3406575950,-3082.2809591202,6717.2368452975,219.6746939524,-27.3136625598
2460847.1613425924,-3707.3547363281,5705.5981445312,-548.1467895508,-3803.3210449219,1601.5206298828,4847.2338867188,4632.5482161619,-3819.6624263900,-3148.4080694328,6779.5868161939,219.5065119260,-27.6710921678
2460847.1614583335,-3695.4133300781,5705.6987304688,-623.6525878906,-3804.4877929688,1598.7468261719,4847.2338867188,4670.8000145561,-3828.4866121700,-3214.9451257935,6841.7508488256,219.3402394187,-28.0278662508
2460847.1615740741,-3683.0078125000,5705.0834960938,-699.0799560547,-3805.6525878906,1595.9721679688,4847.2338867188,4708.4551769506,-3836.8118196609,-3281.8837809457,6903.7262579332,219.1757991292,-28.3840040408
2460847.1616898146,-3670.1403808594,5703.7519531250,-774.4193115234,-3806.8154296875,1593.1965332031,4847.2338867188,4745.5102141088,-3844.6361053381,-3349.2148356636,6965.5103179960,219.0131063805,-28.7395168652
2460847.1618055557,-3656.8122558594,5701.7050781250,-849.6612548828,-3807.9760742188,1590.4201660156,4847.2338867188,4781.9606642882,-3851.9573652265,-3416.9292736637,7027.0996150291,218.8520837066,-29.0944209731
2460847.1619212963,-3643.0253906250,5698.9423828125,-924.7962646484,-3809.1350097656,1587.6429443359,4847.2338867188,4817.8025817413,-3858.7730373857,-3485.0189212463,7088.4912324226,218.6926496737,-29.4487382885
2460847.1620370368,-3628.7812500000,5695.4648437500,-999.8148803711,-3810.2917480469,1584.8648681641,4847.2338867188,4853.0321131263,-3865.0826443101,-3553.4736081543,7149.6824560417,218.5347397220,-29.8024712778
2460847.1621527779,-3614.0820312500,5691.2724609375,-1074.7077636719,-3811.4462890625,1582.0859375000,4847.2338867188,4887.6453495507,-3870.8829178730,-3622.2844900497,7210.6696328233,218.3782715630,-30.1556391922
2460847.1622685185,-3598.9291992188,5686.3662109375,-1149.4653320312,-3812.5991210938,1579.3061523438,4847.2338867188,4921.6385812881,-3876.1733067402,-3691.4431936383,7271.4509336560,218.2231834448,-30.5082572351
2460847.1623842590,-3583.3251953125,5680.7470703125,-1224.0783691406,-3813.7495117188,1576.5255126953,4847.2338867188,4955.0088496193,-3880.9519871312,-3760.9394315837,7332.0233519994,218.0694021285,-30.8603285259
2460847.1625000001,-3567.2714843750,5674.4150390625,-1298.5373535156,-3814.8981933594,1573.7440185547,4847.2338867188,4987.7510482991,-3885.2167231494,-3830.7647326353,7392.3831030630,217.9168653500,-31.2118765871
2460847.1626157407,-3550.7702636719,5667.3710937500,-1372.8331298828,-3816.0449218750,1570.9617919922,4847.2338867188,5019.8621901858,-3888.9664255996,-3900.9094729638,7452.5278251179,217.7655088115,-31.5629078890
2460847.1627314813,-3533.8237304688,5659.6162109375,-1446.9560546875,-3817.1894531250,1568.1787109375,4847.2338867188,5051.3394363864,-3892.1995752976,-3971.3645428421,7512.4552556193,217.6152660276,-31.9134331510
2460847.1628472223,-3516.4340820312,5651.1518554688,-1520.8970947266,-3818.3317871094,1565.3946533203,4847.2338867188,5082.1792880462,-3894.9152064646,-4042.1201117072,7572.1625562888,217.4660796664,-32.2634593994
2460847.1629629629,-3498.6035156250,5641.9785156250,-1594.6468505859,-3819.4724121094,1562.6099853516,4847.2338867188,5112.3781349629,-3897.1111803309,-4113.1677221007,7631.6469033124,217.3178860720,-32.6130060005
2460847.1630787039,-3480.3339843750,5632.0981445312,-1668.1961669922,-3820.6108398438,1559.8243408203,4847.2338867188,5141.9329269244,-3898.7873626864,-4184.4971640586,7690.9059050574,217.1706341116,-32.9620746458
2460847.1631944445,-3461.6284179688,5621.5112304688,-1741.5356445312,-3821.7473144531,1557.0378417969,4847.2338867188,5170.8405022098,-3899.9414885794,-4256.0989613869,7749.9363534648,217.0242594332,-33.3106776494
2460847.1633101851,-3442.4885253906,5610.2192382812,-1814.6561279297,-3822.8815917969,1554.2506103516,4847.2338867188,5199.0978947726,-3900.5729459195,-4327.9641118878,7808.7362344785,216.8787095427,-33.6588258189
2460847.1634259261,-3422.9172363281,5598.2241210938,-1887.5484619141,-3824.0139160156,1551.4625244141,4847.2338867188,5226.7020259349,-3900.6808557248,-4400.0824296698,7867.3026250437,216.7339317617,-34.0065239867
2460847.1635416667,-3402.9167480469,5585.5273437500,-1960.2034912109,-3825.1442871094,1548.6735839844,4847.2338867188,5253.6503739139,-3900.2642964900,-4472.4451763082,7925.6337089777,216.5898712265,-34.3537843875
2460847.1636574073,-3382.4897460938,5572.1303710938,-2032.6121826172,-3826.2727050781,1545.8837890625,4847.2338867188,5279.9398607701,-3899.3224095762,-4545.0421652871,7983.7264777427,216.4464774203,-34.7006124427
2460847.1637731483,-3361.6386718750,5558.0351562500,-2104.7653808594,-3827.3989257812,1543.0932617188,4847.2338867188,5305.5677241783,-3897.8543467626,-4617.8635826579,8041.5782936223,216.3036991410,-35.0470151573
2460847.1638888889,-3340.3664550781,5543.2431640625,-2176.6538085938,-3828.5231933594,1540.3018798828,4847.2338867188,5330.5318589025,-3895.8592610623,-4690.9003377372,8099.1873209207,216.1614826681,-35.3930018864
2460847.1640046295,-3318.6755371094,5527.7563476562,-2248.2690429688,-3829.6452636719,1537.5096435547,4847.2338867188,5354.8294337432,-3893.3360992273,-4764.1426748209,8156.5507214802,216.0197773816,-35.7385812350
2460847.1641203705,-3296.5686035156,5511.5766601562,-2319.6013183594,-3830.7653808594,1534.7165527344,4847.2338867188,5378.4574765938,-3890.2850420811,-4837.5803178941,8213.6657996441,215.8785426968,-36.0837567080
2460847.1642361111,-3274.0488281250,5494.7070312500,-2390.6425781250,-3831.8835449219,1531.9227294922,4847.2338867188,5401.4149969020,-3886.7055475512,-4911.2045125673,8270.5316483515,215.7377235948,-36.4285359062
2460847.1643518517,-3251.1186523438,5477.1484375000,-2461.3830566406,-3832.9997558594,1529.1280517578,4847.2338867188,5423.6984282237,-3882.5969128344,-4985.0048459645,8327.1445731509,215.5972775837,-36.7729263129
2460847.1644675927,-3227.7812500000,5458.9038085938,-2531.8144531250,-3834.1137695312,1526.3326416016,4847.2338867188,5445.3059807538,-3877.9585372936,-5058.9713211828,8383.5022794504,215.4571544592,-37.1169319931
2460847.1645833333,-3204.0395507812,5439.9750976562,-2601.9279785156,-3835.2255859375,1523.5363769531,4847.2338867188,5466.2361746576,-3872.7900058525,-5133.0949581301,8439.6033198100,215.3173043272,-37.4605613513
2460847.1646990739,-3179.8964843750,5420.3652343750,-2671.7143554688,-3836.3356933594,1520.7392578125,4847.2338867188,5486.4858551145,-3867.0920111427,-5207.3649958354,8495.4445358008,215.1776937736,-37.8038164149
2460847.1648148149,-3155.3552246094,5400.0766601562,-2741.1652832031,-3837.4436035156,1517.9412841797,4847.2338867188,5506.0543485371,-3860.8638999372,-5281.7724118634,8551.0247545896,215.0382681297,-38.1467037693
2460847.1649305555,-3130.4187011719,5379.1113281250,-2810.2719726562,-3838.5495605469,1515.1425781250,4847.2338867188,5524.9387371816,-3854.1053843553,-5356.3068842265,8606.3406742551,214.8989866774,-38.4892300525
2460847.1650462961,-3105.0903320312,5357.4726562500,-2879.0258789062,-3839.6533203125,1512.3431396484,4847.2338867188,5543.1382363948,-3846.8165185141,-5430.9588449427,8661.3909281568,214.7598009484,-38.8313981731
2460847.1651620371,-3079.3730468750,5335.1630859375,-2947.4179687500,-3840.7551269531,1509.5427246094,4847.2338867188,5560.6504882971,-3838.9979552367,-5505.7181380384,8716.1729772208,214.6206745796,-39.1732122173
2460847.1652777777,-3053.2700195312,5312.1855468750,-3015.4401855469,-3841.8547363281,1506.7416992188,4847.2338867188,5577.4740368878,-3830.6491768673,-5580.5751237951,8770.6846061589,214.4815588593,-39.5146789539
2460847.1653935187,-3026.7849121094,5288.5429687500,-3083.0837402344,-3842.9526367188,1503.9396972656,4847.2338867188,5593.6075575426,-3821.7709127893,-5655.5200513943,8824.9241055865,214.3424133258,-39.8558014552
2460847.1655092593,-2999.9208984375,5264.2382812500,-3150.3400878906,-3844.0480957031,1501.1369628906,4847.2338867188,5609.0500744073,-3812.3629498694,-5730.5428750749,8878.8893247870,214.2031894152,-40.1965826293
2460847.1656249999,-2972.6813964844,5239.2749023438,-3217.2011718750,-3845.1418457031,1498.3334960938,4847.2338867188,5623.7992889101,-3802.4262213340,-5805.6333887086,8932.5776041814,214.0638529343,-40.5370268053
2460847.1657407410,-2945.0698242188,5213.6552734375,-3283.6584472656,-3846.2333984375,1495.5291748047,4847.2338867188,5637.8547587516,-3791.9603199153,-5880.7823742684,8985.9874628277,213.9243515311,-40.8771401889
2460847.1658564815,-2917.0898437500,5187.3837890625,-3349.7036132812,-3847.3229980469,1492.7239990234,4847.2338867188,5651.2150647485,-3780.9670736460,-5955.9788819587,9039.1165587337,213.7846531196,-41.2169190327
2460847.1659722221,-2888.7446289062,5160.4628906250,-3415.3283691406,-3848.4104003906,1489.9180908203,4847.2338867188,5663.8794121501,-3769.4462819506,-6031.2139918078,9091.9633458823,213.6447084353,-41.5563722475
2460847.1660879632,-2860.0380859375,5132.8959960938,-3480.5246582031,-3849.4958496094,1487.1114501953,4847.2338867188,5675.8463677367,-3757.3981247344,-6106.4774053612,9144.5250811671,213.5044737517,-41.8955037218
2460847.1662037037,-2830.9736328125,5104.6870117188,-3545.2841796875,-3850.5793457031,1484.3039550781,4847.2338867188,5687.1146831093,-3744.8240197777,-6181.7586678683,9196.7994751276,213.3639129934,-42.2343135020
2460847.1663194443,-2801.5549316406,5075.8398437500,-3609.5991210938,-3851.6606445312,1481.4956054688,4847.2338867188,5697.6853197930,-3731.7252284625,-6257.0492925508,9248.7867871164,213.2229786145,-42.5728036522
2460847.1664351854,-2771.7858886719,5046.3574218750,-3673.4609375000,-3852.7399902344,1478.6866455078,4847.2338867188,5707.5561380926,-3718.1017481372,-6332.3382994533,9300.4831066833,213.0816283220,-42.9109787310
2460847.1665509259,-2741.6701660156,5016.2436523438,-3736.8620605469,-3853.8171386719,1475.8767089844,4847.2338867188,5716.7261600384,-3703.9546406453,-6407.6150051329,9351.8858003522,212.9398216178,-43.2488386193
2460847.1666666665,-2711.2116699219,4985.5029296875,-3799.7946777344,-3854.8923339844,1473.0661621094,4847.2338867188,5725.1962296415,-3689.2855299689,-6482.8710221885,9402.9950696505,212.7975133490,-43.5863860624
2460847.1667824076,-2680.4138183594,4954.1386718750,-3862.2507324219,-3855.9655761719,1470.2546386719,4847.2338867188,5732.9649209185,-3674.0954583162,-6558.0960460465,9453.8081200368,212.6546643204,-43.9236247404
2460847.1668981481,-2649.2810058594,4922.1547851562,-3924.2224121094,-3857.0366210938,1467.4425048828,4847.2338867188,5740.0323307652,-3658.3850470992,-6633.2797632304,9504.3228442826,212.5112250010,-44.2605542245
2460847.1670138887,-2617.8171386719,4889.5556640625,-3985.7019042969,-3858.1057128906,1464.6295166016,4847.2338867188,5746.3980300071,-3642.1559685504,-6708.4123051431,9554.5374599878,212.3671552691,-44.5971758034
2460847.1671296298,-2586.0258789062,4856.3447265625,-4046.6818847656,-3859.1726074219,1461.8156738281,4847.2338867188,5752.0621254092,-3625.4089107351,-6783.4846289038,9604.4506441118,212.2224051159,-44.9334948299
2460847.1672453703,-2553.9111328125,4822.5273437500,-4107.1547851562,-3860.2375488281,1459.0012207031,4847.2338867188,5757.0238370629,-3608.1464904948,-6858.4858835768,9654.0599321012,212.0769417393,-45.2695080280
2460847.1673611109,-2521.4772949219,4788.1069335938,-4167.1123046875,-3861.3005371094,1456.1859130859,4847.2338867188,5761.2829811832,-3590.3692561493,-6933.4059930474,9703.3629041275,211.9307143359,-45.6052182985
2460847.1674768520,-2488.7285156250,4753.0883789062,-4226.5478515625,-3862.3613281250,1453.3697509766,4847.2338867188,5764.8411581087,-3572.0796005042,-7008.2359303157,9752.3595660501,211.7836767254,-45.9406225889
2460847.1675925925,-2455.6684570312,4717.4755859375,-4285.4541015625,-3863.4201660156,1450.5528564453,4847.2338867188,5767.6974366858,-3553.2782225438,-7082.9662512898,9801.0474320282,211.6357812541,-46.2757290930
2460847.1677083331,-2422.3017578125,4681.2729492188,-4343.8227539062,-3864.4768066406,1447.7352294922,4847.2338867188,5769.8522333470,-3533.9664637471,-7157.5863722730,9849.4241678433,211.4869781133,-46.6105353510
2460847.1678240742,-2388.6323242188,4644.4858398438,-4401.6474609375,-3865.5314941406,1444.9168701172,4847.2338867188,5771.3054790688,-3514.1474839050,-7232.0861201009,9897.4880207011,211.3372320323,-46.9450386333
2460847.1679398147,-2354.6645507812,4607.1186523438,-4458.9204101562,-3866.5842285156,1442.0976562500,4847.2338867188,5772.0585146061,-3493.8228340223,-7306.4566872943,9945.2383990973,211.1864891559,-47.2792403200
2460847.1680555558,-2320.4025878906,4569.1757812500,-4515.6347656250,-3867.6347656250,1439.2777099609,4847.2338867188,5772.1112534186,-3472.9936223560,-7380.6879155023,9992.6726719536,211.0346978379,-47.6131427307
2460847.1681712964,-2285.8508300781,4530.6621093750,-4571.7836914062,-3868.6833496094,1436.4570312500,4847.2338867188,5771.4638512468,-3451.6624364862,-7454.7694414857,10039.7886425665,210.8818151880,-47.9467435800
2460847.1682870369,-2251.0134277344,4491.5825195312,-4627.3603515625,-3869.7297363281,1433.6356201172,4847.2338867188,5770.1176104663,-3429.8308788312,-7528.6924902214,10086.5855326921,210.7277851765,-48.2800448919
2460847.1684027780,-2215.8950195312,4451.9418945312,-4682.3569335938,-3870.7741699219,1430.8133544922,4847.2338867188,5768.0734569261,-3407.5014851535,-7602.4473261590,10133.0618829079,210.5725592660,-48.6130444695
2460847.1685185186,-2180.5000000000,4411.7456054688,-4736.7675781250,-3871.8164062500,1427.9903564453,4847.2338867188,5765.3325075974,-3384.6767299336,-7676.0240521231,10179.2161160909,210.4160866316,-48.9457391640
2460847.1686342591,-2144.8325195312,4370.9985351562,-4790.5844726562,-3872.8566894531,1425.1666259766,4847.2338867188,5761.8938063355,-3361.3584395135,-7749.4119662141,10225.0445777257,210.2583195444,-49.2781321067
2460847.1687500002,-2108.8974609375,4329.7055664062,-4843.8022460938,-3873.8950195312,1422.3420410156,4847.2338867188,5757.7604377751,-3337.5488071575,-7822.6033441000,10270.5482024131,210.0991942631,-49.6102219554
2460847.1688657408,-2072.6992187500,4287.8720703125,-4896.4135742188,-3874.9311523438,1419.5168457031,4847.2338867188,5752.9328698345,-3313.2503649110,-7895.5875585442,10315.7242828627,209.9386596923,-49.9420057097
2460847.1689814813,-2036.2420654297,4245.5034179688,-4948.4116210938,-3875.9650878906,1416.6907958984,4847.2338867188,5747.4119092025,-3288.4657845775,-7968.3549747659,10360.5710206656,209.7766630282,-50.2734826920
2460847.1690972224,-1999.5307617188,4202.6049804688,-4999.7905273438,-3876.9973144531,1413.8640136719,4847.2338867188,5741.1990502940,-3263.1979852130,-8040.8966553411,10405.0875367615,209.6131490406,-50.6046517889
2460847.1692129630,-1962.5700683594,4159.1821289062,-5050.5434570312,-3878.0270996094,1411.0364990234,4847.2338867188,5734.2958561239,-3237.4488058840,-8113.2023258912,10449.2715400226,209.4480526644,-50.9355093394
2460847.1693287035,-1925.3643798828,4115.2402343750,-5100.6645507812,-3879.0551757812,1408.2082519531,4847.2338867188,5726.7034334337,-3211.2216429288,-8185.2633768336,10493.1221856342,209.2813210521,-51.2660560502
2460847.1694444446,-1887.9184570312,4070.7844238281,-5150.1474609375,-3880.0810546875,1405.3791503906,4847.2338867188,5718.4231354406,-3184.5184507042,-8257.0697112080,10536.6370884911,209.1128878100,-51.5962897168
2460847.1695601852,-1850.2370605469,4025.8212890625,-5198.9858398438,-3881.1047363281,1402.5494384766,4847.2338867188,5709.4576855723,-3157.3429857239,-8328.6126312004,10579.8161682248,208.9426928198,-51.9262041796
2460847.1696759257,-1812.3248291016,3980.3557128906,-5247.1743164062,-3882.1264648438,1399.7188720703,4847.2338867188,5699.8076587106,-3129.6973455344,-8399.8826980608,10622.6570198855,208.7706707383,-52.2558022850
2460847.1697916668,-1774.1865234375,3934.3935546875,-5294.7055664062,-3883.1462402344,1396.8875732422,4847.2338867188,5689.4746800707,-3101.5849635730,-8470.8695848101,10665.1574270748,208.5967602030,-52.5850774388
2460847.1699074074,-1735.8269042969,3887.9406738281,-5341.5751953125,-3884.1638183594,1394.0556640625,4847.2338867188,5678.4611085790,-3073.0087802774,-8541.5649018798,10707.3168673730,208.4208911119,-52.9140278189
2460847.1700231479,-1697.2508544922,3841.0029296875,-5387.7763671875,-3885.1791992188,1391.2229003906,4847.2338867188,5666.7690580604,-3043.9718113246,-8611.9591880330,10749.1337791413,208.2429930418,-53.2426488892
2460847.1701388890,-1658.4631347656,3793.5861816406,-5433.3041992188,-3886.1926269531,1388.3894042969,4847.2338867188,5654.4005634123,-3014.4774214595,-8682.0443277209,10790.6076550173,208.0629966116,-53.5709400530
2460847.1702546296,-1619.4686279297,3745.6965332031,-5478.1523437500,-3887.2041015625,1385.5551757812,4847.2338867188,5641.3573509250,-2984.5288251781,-8751.8099084888,10831.7358601232,207.8808304518,-53.8988949371
2460847.1703703701,-1580.2720947266,3697.3395996094,-5522.3154296875,-3888.2133789062,1382.7202148438,4847.2338867188,5627.6402910466,-2954.1291151332,-8821.2462416371,10872.5157774033,207.6964235681,-54.2265131285
2460847.1704861112,-1540.8786621094,3648.5219726562,-5565.7880859375,-3889.2207031250,1379.8845214844,4847.2338867188,5613.2538969447,-2923.2819143529,-8890.3456737164,10912.9483944769,207.5096915883,-54.5537857005
2460847.1706018518,-1501.2932128906,3599.2492675781,-5608.5649414062,-3890.2258300781,1377.0480957031,4847.2338867188,5598.1998491198,-2891.9902869143,-8959.0991099370,10953.0318283097,207.3205551433,-54.8807110233
2460847.1707175928,-1461.5205078125,3549.5280761719,-5650.6406250000,-3891.2290039062,1374.2109375000,4847.2338867188,5582.4800426276,-2860.2582201248,-9027.4972740670,10992.7643268386,207.1289388457,-55.2072843399
2460847.1708333334,-1421.5656738281,3499.3645019531,-5692.0102539062,-3892.2299804688,1371.3730468750,4847.2338867188,5566.0967923716,-2828.0890354994,-9095.5305348248,11032.1437991304,206.9347575496,-55.5334996250
2460847.1709490740,-1381.4337158203,3448.7648925781,-5732.6684570312,-3893.2290039062,1368.5344238281,4847.2338867188,5549.0531811828,-2795.4865362321,-9163.1911694035,11071.1701544545,206.7379240673,-55.8593526127
2460847.1710648150,-1341.1295166016,3397.7353515625,-5772.6103515625,-3894.2260742188,1365.6950683594,4847.2338867188,5531.3513119551,-2762.4541530022,-9230.4697258102,11109.8412069123,206.5383493445,-56.1848383516
2460847.1711805556,-1300.6583251953,3346.2824707031,-5811.8305664062,-3895.2209472656,1362.8549804688,4847.2338867188,5512.9950341132,-2728.9956524487,-9297.3578329575,11148.1565378002,206.3359368176,-56.5099476586
2460847.1712962962,-1260.0250244141,3294.4125976562,-5850.3247070312,-3896.2136230469,1360.0141601562,4847.2338867188,5493.9859666951,-2695.1149810567,-9363.8464480318,11186.1140198765,206.1305975144,-56.8346775682
2460847.1714120372,-1219.2347412109,3242.1323242188,-5888.0878906250,-3897.2043457031,1357.1726074219,4847.2338867188,5474.3273941790,-2660.8161740018,-9429.9276777008,11223.7132508433,205.9222330512,-57.1590217226
2460847.1715277778,-1178.2926025391,3189.4479980469,-5925.1157226562,-3898.1928710938,1354.3304443359,4847.2338867188,5454.0219607982,-2626.1026376147,-9495.5916121801,11260.9515884521,205.7107389142,-57.4829716965
2460847.1716435184,-1137.2037353516,3136.3666992188,-5961.4028320312,-3899.1794433594,1351.4874267578,4847.2338867188,5433.0731159304,-2590.9791428855,-9560.8302186877,11297.8285910385,205.4960152649,-57.8065185419
2460847.1717592594,-1095.9731445312,3082.8945312500,-5996.9458007812,-3900.1640625000,1348.6437988281,4847.2338867188,5411.4835801349,-2555.4492568796,-9625.6360807770,11334.3436246706,205.2779512650,-58.1296598248
2460847.1718750000,-1054.6060791016,3029.0383300781,-6031.7397460938,-3901.1464843750,1345.7993164062,4847.2338867188,5389.2568134365,-2519.5172599135,-9689.9998777200,11370.4948816833,205.0564351981,-58.4523836130
2460847.1719907406,-1013.1076660156,2974.8049316406,-6065.7802734375,-3902.1267089844,1342.9542236328,4847.2338867188,5366.3957745870,-2483.1871355108,-9753.9127126975,11406.2805141024,204.8313507081,-58.7746815158
2460847.1721064816,-971.4830932617,2920.2011718750,-6099.0629882812,-3903.1049804688,1340.1083984375,4847.2338867188,5342.9042362780,-2446.4634728862,-9817.3675584541,11441.7007031294,204.6025791251,-59.0965455618
2460847.1722222222,-929.7376098633,2865.2338867188,-6131.5844726562,-3904.0810546875,1337.2618408203,4847.2338867188,5318.7852146669,-2409.3505486205,-9880.3554696250,11476.7534796233,204.3699976546,-59.4179660522
2460847.1723379628,-887.8763427734,2809.9096679688,-6163.3403320312,-3905.0551757812,1334.4145507812,4847.2338867188,5294.0422696174,-2371.8524110812,-9942.8683199937,11511.4376965339,204.1334745084,-59.7389334737
2460847.1724537038,-845.9045410156,2754.2355957031,-6194.3261718750,-3906.0273437500,1331.5666503906,4847.2338867188,5268.6785126990,-2333.9737129925,-10004.8983624504,11545.7523707240,203.8928801669,-60.0594396690
2460847.1725694444,-803.8273925781,2698.2187500000,-6224.5390625000,-3906.9973144531,1328.7178955078,4847.2338867188,5242.6980329024,-2295.7191024262,-10066.4370233152,11579.6961620681,203.6480760247,-60.3794703093
2460847.1726851850,-761.6502075195,2641.8659667969,-6253.9750976562,-3907.9650878906,1325.8685302734,4847.2338867188,5216.1041833094,-2257.0927721638,-10127.4763512402,11613.2677519388,203.3989168752,-60.6990159946
2460847.1728009260,-719.3782348633,2585.1843261719,-6282.6303710938,-3908.9309082031,1323.0184326172,4847.2338867188,5188.9010875704,-2218.0995137733,-10188.0090221767,11646.4667511458,203.1452542297,-61.0180643949
2460847.1729166666,-677.0167846680,2528.1809082031,-6310.5009765625,-3909.8947753906,1320.1677246094,4847.2338867188,5161.0917290419,-2178.7438541622,-10248.0261184981,11679.2907294516,202.8869357904,-61.3366039447
2460847.1730324072,-634.5709838867,2470.8627929688,-6337.5844726562,-3910.8562011719,1317.3161621094,4847.2338867188,5132.6816771834,-2139.0306669299,-10307.5216513710,11711.7409460269,202.6237959982,-61.6546187685
2460847.1731481482,-592.0462646484,2413.2373046875,-6363.8769531250,-3911.8159179688,1314.4639892578,4847.2338867188,5103.6735554118,-2098.9647717094,-10366.4870075567,11743.8149572841,202.3556740494,-61.9720980882
2460847.1732638888,-549.4478759766,2355.3115234375,-6389.3750000000,-3912.7734375000,1311.6110839844,4847.2338867188,5074.0710039593,-2058.5509941526,-10424.9139928743,11775.5110508026,202.0823983151,-62.2890276834
2460847.1733796299,-506.7810974121,2297.0925292969,-6414.0756835938,-3913.7287597656,1308.7575683594,4847.2338867188,5043.8785582691,-2017.7937631646,-10482.7949350370,11806.8282036824,201.8037825953,-62.6053911133
2460847.1734953704,-464.0512695312,2238.5876464844,-6437.9760742188,-3914.6821289062,1305.9031982422,4847.2338867188,5013.1008327311,-1976.6984527631,-10540.1233739374,11837.7665744053,201.5196420798,-62.9211721990
2460847.1736111110,-421.2637023926,2179.8044433594,-6461.0732421875,-3915.6333007812,1303.0482177734,4847.2338867188,4981.7414494887,-1935.2700472142,-10596.8911306917,11868.3242145186,201.2297842555,-63.2363549131
2460847.1737268521,-378.4237670898,2120.7500000000,-6483.3642578125,-3916.5825195312,1300.1926269531,4847.2338867188,4949.8052221083,-1893.5133208648,-10653.0915767560,11898.5009381793,200.9340015934,-63.5509215410
2460847.1738425926,-335.5367126465,2061.4316406250,-6504.8466796875,-3917.5295410156,1297.3361816406,4847.2338867188,4917.2962757208,-1851.4336376869,-10708.7173868301,11928.2956556657,200.6320865014,-63.8648539559
2460847.1739583332,-292.6079406738,2001.8566894531,-6525.5170898438,-3918.4746093750,1294.4792480469,4847.2338867188,4884.2189182324,-1809.0356240106,-10763.7610810468,11957.7070101260,200.3238140995,-64.1781333647
2460847.1740740743,-249.6427917480,1942.0328369141,-6545.3735351562,-3919.4174804688,1291.6214599609,4847.2338867188,4850.5775328954,-1766.3250480574,-10818.2151158219,11986.7337031495,200.0089613602,-64.4907380427
2460847.1741898148,-206.6465759277,1881.9675292969,-6564.4140625000,-3920.3581542969,1288.7630615234,4847.2338867188,4816.3773821875,-1723.3069943015,-10872.0737619251,12015.3762308550,199.6872849789,-64.8026466146
2460847.1743055554,-163.6246643066,1821.6679687500,-6582.6352539062,-3921.2968750000,1285.9039306641,4847.2338867188,4781.6215660237,-1679.9865041047,-10925.3280031607,12043.6311563948,199.3585387994,-65.1138388840
2460847.1744212965,-120.5824050903,1761.1419677734,-6600.0351562500,-3922.2336425781,1283.0440673828,4847.2338867188,4746.3159106271,-1636.3693329211,-10977.9729125012,12071.4998481881,199.0224629267,-65.4242898752
2460847.1745370370,-77.5251541138,1700.3968505859,-6616.6123046875,-3923.1682128906,1280.1835937500,4847.2338867188,4710.4641050672,-1592.4604804631,-11030.0002544657,12098.9796297240,198.6787858678,-65.7339766854
2460847.1746527776,-34.4582672119,1639.4401855469,-6632.3642578125,-3924.1005859375,1277.3225097656,4847.2338867188,4674.0724249197,-1548.2652873759,-11081.4047220255,12126.0714597440,198.3272179608,-66.0428700003
2460847.1747685187,8.6128978729,1578.2797851562,-6647.2885742188,-3925.0310058594,1274.4605712891,4847.2338867188,4637.1450028970,-1503.7897319418,-11132.1789834688,12152.7736034113,197.9674718240,-66.3509432073
2460847.1748842592,51.6829872131,1516.9229736328,-6661.3842773438,-3925.9594726562,1271.5981445312,4847.2338867188,4599.6861632503,-1459.0388766207,-11182.3168240481,12179.0852200515,197.5992358082,-66.6581710522
2460847.1749999998,94.7466430664,1455.3776855469,-6674.6494140625,-3926.8857421875,1268.7349853516,4847.2338867188,4561.7015595370,-1414.0184838585,-11231.8109048695,12205.0049403399,197.2221871596,-66.9645183990
2460847.1751157409,137.7985229492,1393.6513671875,-6687.0820312500,-3927.8098144531,1265.8710937500,4847.2338867188,4523.1966804219,-1368.7341681364,-11280.6565843664,12230.5336926568,196.8359874349,-67.2699544842
2460847.1752314814,180.8332519531,1331.7517089844,-6698.6806640625,-3928.7316894531,1263.0064697266,4847.2338867188,4484.1748027875,-1323.1914565025,-11328.8446966880,12255.6673198236,196.4402894207,-67.5744479814
2460847.1753472220,223.8454895020,1269.6864013672,-6709.4443359375,-3929.6518554688,1260.1413574219,4847.2338867188,4444.6424739645,-1277.3960812564,-11376.3722628757,12280.4085165481,196.0347204876,-67.8779632890
2460847.1754629631,266.8298950195,1207.4633789062,-6719.3710937500,-3930.5695800781,1257.2753906250,4847.2338867188,4404.6056809006,-1231.3538635120,-11423.2316620995,12304.7553875484,195.6188941716,-68.1804568281
2460847.1755787036,309.7811279297,1145.0900878906,-6728.4599609375,-3931.4853515625,1254.4088134766,4847.2338867188,4364.0667586140,-1185.0705303946,-11469.4158039511,12328.7051112261,195.1924172977,-68.4818995019
2460847.1756944442,352.6938171387,1082.5744628906,-6736.7099609375,-3932.3991699219,1251.5416259766,4847.2338867188,4323.0337505291,-1138.5517494097,-11514.9204442792,12352.2594585920,194.7548578661,-68.7822413656
2460847.1758101853,395.5626831055,1019.9243164062,-6744.1206054688,-3933.3105468750,1248.6738281250,4847.2338867188,4281.5117018514,-1091.8035394718,-11559.7400375932,12375.4178579403,194.3057787154,-69.0814400474
2460847.1759259258,438.3823547363,957.1472778320,-6750.6899414062,-3934.2202148438,1245.8051757812,4847.2338867188,4239.5044047755,-1044.8320354567,-11603.8675401448,12398.1778286026,193.8447275069,-69.3794535668
2460847.1760416669,481.1475219727,894.2512817383,-6756.4174804688,-3935.1276855469,1242.9360351562,4847.2338867188,4197.0181608470,-997.6427589225,-11647.2976229436,12420.5392167304,193.3712143979,-69.6762304967
2460847.1761574075,523.8528442383,831.2441406250,-6761.3027343750,-3936.0329589844,1240.0661621094,4847.2338867188,4154.0593807807,-950.2417705499,-11690.0248646786,12442.5017620394,192.8847335810,-69.9717155279
2460847.1762731480,566.4930419922,768.1336059570,-6765.3452148438,-3936.9360351562,1237.1955566406,4847.2338867188,4110.6320569741,-902.6352652689,-11732.0433312391,12464.0638258957,192.3847647757,-70.2658598061
2460847.1763888891,609.0628662109,704.9276123047,-6768.5444335938,-3937.8371582031,1234.3244628906,4847.2338867188,4066.7431137292,-854.8289604100,-11773.3484459336,12485.2258983963,191.8707478660,-70.5586016900
2460847.1765046297,651.5569458008,641.6339721680,-6770.8999023438,-3938.7363281250,1231.4526367188,4847.2338867188,4022.3972233312,-806.8294228359,-11813.9349786367,12505.9870789663,191.3421149407,-70.8498840179
2460847.1766203702,693.9699707031,578.2605590820,-6772.4111328125,-3939.6333007812,1228.5800781250,4847.2338867188,3977.6004198419,-758.6424436021,-11853.7965476174,12526.3456781884,190.7982568417,-71.1396394614
2460847.1767361113,736.2968139648,514.8153076172,-6773.0781250000,-3940.5280761719,1225.7069091797,4847.2338867188,3932.3598909491,-710.2740697701,-11892.9296323906,12546.3029935964,190.2385369476,-71.4277961612
2460847.1768518519,778.5320434570,451.3060302734,-6772.9003906250,-3941.4208984375,1222.8331298828,4847.2338867188,3886.6785947343,-661.7308455839,-11931.3278945871,12565.8562596791,189.6623075299,-71.7142918293
2460847.1769675924,820.6705322266,387.7406311035,-6771.8789062500,-3942.3115234375,1219.9586181641,4847.2338867188,3840.5648013562,-613.0186013381,-11968.9868983151,12585.0060457293,189.0688670280,-71.9990407821
2460847.1770833335,862.7070312500,324.1270446777,-6770.0126953125,-3943.1999511719,1217.0836181641,4847.2338867188,3794.0220675493,-564.1438820140,-12005.9010778884,12603.7503331630,188.4575043953,-72.2819709227
2460847.1771990741,904.6362304688,260.4731750488,-6767.3032226562,-3944.0864257812,1214.2077636719,4847.2338867188,3747.0595596964,-515.1128081144,-12042.0677973940,12622.0914822397,187.8274575138,-72.5629858343
2460847.1773148146,946.4530029297,196.7869110107,-6763.7495117188,-3944.9709472656,1211.3314208984,4847.2338867188,3699.6805187263,-465.9317642621,-12077.4804792693,12640.0262292735,187.1779481736,-72.8420038540
2460847.1774305557,988.1520996094,133.0761871338,-6759.3530273438,-3945.8530273438,1208.4543457031,4847.2338867188,3651.8924491098,-416.6069580671,-12112.1353351370,12657.5551428406,186.5081524408,-73.1189236925
2460847.1775462963,1029.7283935547,69.3489074707,-6754.1137695312,-3946.7333984375,1205.5766601562,4847.2338867188,3603.7001300162,-367.1451185559,-12146.0283234256,12674.6776763204,185.8172250858,-73.3936494825
2460847.1776620368,1071.1766357422,5.6130175591,-6748.0327148438,-3947.6113281250,1202.6983642578,4847.2338867188,3555.1111207091,-317.5522116258,-12179.1543304794,12691.3929374727,185.1042690103,-73.6660663784
2460847.1777777779,1112.4916992188,-58.1235771179,-6741.1098632812,-3948.4873046875,1199.8194580078,4847.2338867188,3506.1305130615,-267.8347632284,-12211.5090502845,12707.7000247958,184.3683643393,-73.9360646075
2460847.1778935185,1153.6685791016,-121.8529510498,-6733.3471679688,-3949.3613281250,1196.9398193359,4847.2338867188,3456.7650587554,-217.9994561264,-12243.0893310699,12723.5995222603,183.6085557449,-74.2035219002
2460847.1780092590,1194.7019042969,-185.5671691895,-6724.7451171875,-3950.2329101562,1194.0595703125,4847.2338867188,3407.0208917134,-168.0524319784,-12273.8899855979,12739.0897773360,182.8238446257,-74.4683091446
2460847.1781250001,1235.5867919922,-249.2583312988,-6715.3046875000,-3951.1027832031,1191.1787109375,4847.2338867188,3356.9046238355,-118.0005355447,-12303.9092592480,12754.1724874539,182.0132088358,-74.7302915809
2460847.1782407407,1276.3181152344,-312.9185180664,-6705.0268554688,-3951.9702148438,1188.2972412109,4847.2338867188,3306.4214585461,-67.8498566412,-12333.1401937876,12768.8438593398,181.1755805908,-74.9893264926
2460847.1783564813,1316.8906250000,-376.5397949219,-6693.9130859375,-3952.8356933594,1185.4150390625,4847.2338867188,3255.5780596583,-17.6076314949,-12361.5809906950,12783.1053786131,180.3098783432,-75.2452624413
2460847.1784722223,1357.2995605469,-440.1142578125,-6681.9648437500,-3953.6989746094,1182.5323486328,4847.2338867188,3204.3826748237,32.7204045916,-12389.2285120535,12796.9575319865,179.4149650266,-75.4979307214
2460847.1785879629,1397.5396728516,-503.6340332031,-6669.1840820312,-3954.5603027344,1179.6489257812,4847.2338867188,3152.8393903898,83.1270437892,-12416.0780232441,12810.3981127164,178.4897024523,-75.7471695157
2460847.1787037039,1437.6060791016,-567.0911865234,-6655.5712890625,-3955.4194335938,1176.7648925781,4847.2338867188,3100.9555190098,133.6060335593,-12442.1258981026,12823.4267092426,177.5329119606,-75.9927945841
2460847.1788194445,1477.4936523438,-630.4778442383,-6641.1284179688,-3956.2766113281,1173.8802490234,4847.2338867188,3048.7375599862,184.1504770055,-12467.3704772283,12836.0445124000,176.5434080943,-76.2346172265
2460847.1789351851,1517.1976318359,-693.7860717773,-6625.8579101562,-3957.1315917969,1170.9949951172,4847.2338867188,2996.1926042977,234.7538509278,-12491.8070429772,12848.2497909851,175.5199867581,-76.4724322633
2460847.1790509261,1556.7128906250,-757.0081176758,-6609.7612304688,-3957.9843750000,1168.1090087891,4847.2338867188,2943.3264137295,285.4096196433,-12515.4332806985,12860.0427383566,174.4614367295,-76.7060318772
2460847.1791666667,1596.0346679688,-820.1359863281,-6592.8408203125,-3958.8352050781,1165.2225341797,4847.2338867188,2890.1456075101,336.1107523213,-12538.2461506324,12871.4229440371,173.3665600081,-76.9351926882
2460847.1792824073,1635.1579589844,-883.1619262695,-6575.0976562500,-3959.6838378906,1162.3354492188,4847.2338867188,2836.6580326514,386.8509923395,-12560.2428536686,12882.3904236603,172.2341600162,-77.1596744032
2460847.1793981483,1674.0780029297,-946.0780029297,-6556.5351562500,-3960.5302734375,1159.4476318359,4847.2338867188,2782.8688831950,437.6232779868,-12581.4202763350,12892.9441759539,171.0630746051,-77.3792364903
2460847.1795138889,1712.7897949219,-1008.8764648438,-6537.1542968750,-3961.3747558594,1156.5592041016,4847.2338867188,2728.7850395145,488.4208880619,-12601.7751580305,12903.0833481509,169.8521771874,-77.5936190351
2460847.1796296295,1751.2885742188,-1071.5495605469,-6516.9589843750,-3962.2170410156,1153.6702880859,4847.2338867188,2674.4137854178,539.2374454060,-12621.3064548682,12912.8092507346,168.6003904491,-77.8025503837
2460847.1797453705,1789.5695800781,-1134.0892333984,-6495.9506835938,-3963.0573730469,1150.7806396484,4847.2338867188,2619.7614238706,590.0658898116,-12640.0101155985,12922.1199264963,167.3067197325,-78.0057490006
2460847.1798611111,1827.6280517578,-1196.4880371094,-6474.1323242188,-3963.8952636719,1147.8905029297,4847.2338867188,2564.8352588799,640.8995171950,-12657.8850792529,12931.0164633685,165.9702596703,-78.2029202372
2460847.1799768517,1865.4592285156,-1258.7379150391,-6451.5063476562,-3964.7314453125,1144.9996337891,4847.2338867188,2509.6417327961,691.7315599954,-12674.9284556507,12939.4978856967,164.5902167018,-78.3937605097
2460847.1800925927,1903.0583496094,-1320.8312988281,-6428.0756835938,-3965.5651855469,1142.1081542969,4847.2338867188,2454.1875463585,742.5550962949,-12691.1384150436,12947.5642054222,163.1659399136,-78.5779560574
2460847.1802083333,1940.4208984375,-1382.7604980469,-6403.8432617188,-3966.3969726562,1139.2161865234,4847.2338867188,2398.4796876057,793.3634996957,-12706.5128847240,12955.2151716660,161.6969384057,-78.7551820673
2460847.1803240739,1977.5419921875,-1444.5175781250,-6378.8125000000,-3967.2268066406,1136.3234863281,4847.2338867188,2342.5258173460,844.1499448399,-12721.0505019892,12962.4512422792,160.1829233095,-78.9251037650
2460847.1804398149,2014.4171142578,-1506.0949707031,-6352.9853515625,-3968.0541992188,1133.4302978516,4847.2338867188,2286.3306503187,894.9076878796,-12734.7472797539,12969.2696745658,158.6238021726,-79.0873895203
2460847.1805555555,2051.0417480469,-1567.4851074219,-6326.3662109375,-3968.8796386719,1130.5363769531,4847.2338867188,2229.9033973650,945.6294403580,-12747.6043813336,12975.6734570136,157.0197800242,-79.2416899030
2460847.1806712961,2087.4111328125,-1628.6802978516,-6298.9575195312,-3969.7031250000,1127.6419677734,4847.2338867188,2173.2502617157,996.3090248430,-12759.6191187631,12981.6612353326,155.3712938888,-79.3876601623
2460847.1807870371,2123.5207519531,-1689.6727294922,-6270.7631835938,-3970.5244140625,1124.7469482422,4847.2338867188,2116.3782679036,1046.9393058510,-12770.7893884730,12987.2322104337,153.6791158310,-79.5249542472
2460847.1809027777,2159.3662109375,-1750.4550781250,-6241.7866210938,-3971.3435058594,1121.8513183594,4847.2338867188,2059.2938206129,1097.5133765061,-12781.1148900198,12992.3871741535,151.9443393623,-79.6532324301
2460847.1810185187,2194.9431152344,-1811.0195312500,-6212.0307617188,-3972.1604003906,1118.9549560547,4847.2338867188,2002.0045843240,1148.0245846512,-12790.5929786534,12997.1247415802,150.1684220023,-79.7721536635
2460847.1811342593,2230.2468261719,-1871.3587646484,-6181.5000000000,-3972.9753417969,1116.0582275391,4847.2338867188,1944.5175652790,1198.4659872675,-12799.2241241561,13001.4463604899,148.3531946246,-79.8813919359
2460847.1812499999,2265.2729492188,-1931.4650878906,-6150.1982421875,-3973.7880859375,1113.1607666016,4847.2338867188,1886.8389982890,1248.8308453118,-12807.0056118563,13005.3501539860,146.5008582252,-79.9806341600
2460847.1813657410,2300.0173339844,-1991.3310546875,-6118.1284179688,-3974.5988769531,1110.2626953125,4847.2338867188,1828.9769587978,1299.1119031617,-12813.9382862924,13008.8378749856,144.6140390390,-80.0695813878
2460847.1814814815,2334.4753417969,-2050.9492187500,-6085.2954101562,-3975.4074707031,1107.3641357422,4847.2338867188,1770.9381248074,1349.3030308992,-12820.0203369441,13011.9084668910,142.6957069914,-80.1479558245
2460847.1815972221,2368.6428222656,-2110.3120117188,-6051.7031250000,-3976.2138671875,1104.4648437500,4847.2338867188,1712.7303714898,1399.3965981250,-12825.2514987707,13014.5623119253,140.7492539425,-80.2155052001
2460847.1817129632,2402.5156250000,-2169.4123535156,-6017.3549804688,-3977.0180664062,1101.5650634766,4847.2338867188,1654.3585498954,1449.3865781999,-12829.6302272971,13016.7982020869,138.7783386965,-80.2720107083
2460847.1818287037,2436.0893554688,-2228.2426757812,-5982.2558593750,-3977.8203125000,1098.6646728516,4847.2338867188,1595.8321170756,1499.2653760923,-12833.1574776281,13018.6177322879,136.7870430467,-80.3172762354
2460847.1819444443,2469.3596191406,-2286.7954101562,-5946.4101562500,-3978.6203613281,1095.7637939453,4847.2338867188,1537.1573449379,1549.0267212137,-12835.8317826626,13020.0197403437,134.7796431456,-80.3511459398
2460847.1820601854,2502.3227539062,-2345.0637207031,-5909.8217773438,-3979.4184570312,1092.8621826172,4847.2338867188,1478.3405030884,1598.6635969168,-12837.6529561875,13021.0041610733,132.7606481733,-80.3735045159
2460847.1821759259,2534.9743652344,-2403.0397949219,-5872.4960937500,-3980.2143554688,1089.9600830078,4847.2338867188,1419.3908063932,1648.1692958149,-12838.6221581149,13021.5725320631,130.7347796988,-80.3842678465
2460847.1822916665,2567.3100585938,-2460.7170410156,-5834.4365234375,-3981.0080566406,1087.0573730469,4847.2338867188,1360.3126038612,1697.5367685838,-12838.7369895865,13021.7221959575,128.7067670025,-80.3834057467
2460847.1824074076,2599.3264160156,-2518.0876464844,-5795.6489257812,-3981.7998046875,1084.1540527344,4847.2338867188,1301.1163541722,1746.7593365916,-12838.0001165493,13021.4560990537,126.6814834828,-80.3709153444
2460847.1825231481,2631.0190429688,-2575.1447753906,-5756.1376953125,-3982.5891113281,1081.2502441406,4847.2338867188,1241.8065394301,1795.8301978391,-12836.4103065330,13020.7726014438,124.6636414537,-80.3468495315
2460847.1826388887,2662.3837890625,-2631.8813476562,-5715.9072265625,-3983.3767089844,1078.3458251953,4847.2338867188,1182.3916985818,1844.7426404717,-12833.9680121085,13019.6720570940,122.6579268386,-80.3112923362
2460847.1827546298,2693.4172363281,-2688.2900390625,-5674.9628906250,-3984.1618652344,1075.4407958984,4847.2338867188,1122.8795400142,1893.4901513675,-12830.6743882213,13018.1553482537,120.6688336470,-80.2643695805
2460847.1828703703,2724.1149902344,-2744.3637695312,-5633.3100585938,-3984.9450683594,1072.5351562500,4847.2338867188,1063.2756880318,1942.0650667029,-12826.5285154249,13016.2208674052,118.7005929167,-80.2062517785
2460847.1829861109,2754.4736328125,-2800.0959472656,-5590.9536132812,-3985.7260742188,1069.6290283203,4847.2338867188,1003.5882594794,1990.4617858356,-12821.5324821885,13013.8703968977,116.7571823439,-80.1371328185
2460847.1831018520,2784.4890136719,-2855.4792480469,-5547.8984375000,-3986.5051269531,1066.7222900391,4847.2338867188,943.8244845414,2038.6728071347,-12815.6865689144,13011.1034776004,114.8422613796,-80.0572458330
2460847.1832175925,2814.1577148438,-2910.5065917969,-5504.1503906250,-3987.2817382812,1063.8150634766,4847.2338867188,883.9913719495,2086.6914899687,-12808.9912432798,13007.9198487078,112.9591187171,-79.9668489789
2460847.1833333331,2843.4755859375,-2965.1716308594,-5459.7143554688,-3988.0566406250,1060.9072265625,4847.2338867188,824.0955221328,2134.5113549459,-12801.4473182481,13004.3194976082,111.1106563738,-79.8662244728
2460847.1834490742,2872.4392089844,-3019.4670410156,-5414.5961914062,-3988.8291015625,1057.9987792969,4847.2338867188,764.1452397604,2182.1255625535,-12793.0567234525,13000.3034675223,109.2994324900,-79.7556741076
2460847.1835648147,2901.0451660156,-3073.3864746094,-5368.8017578125,-3989.5996093750,1055.0897216797,4847.2338867188,704.1474443135,2229.5276623401,-12783.8200020457,12995.8713084263,107.5275798276,-79.6355155259
2460847.1836805558,2929.2893066406,-3126.9226074219,-5322.3364257812,-3990.3679199219,1052.1801757812,4847.2338867188,644.1096969417,2276.7105576747,-12773.7397124287,12991.0243824726,105.7968671598,-79.5060820380
2460847.1837962964,2957.1684570312,-3180.0693359375,-5275.2055664062,-3991.1340332031,1049.2701416016,4847.2338867188,584.0381164988,2323.6684775347,-12762.8157958739,12985.7615392560,104.1086496144,-79.3677097502
2460847.1839120369,2984.6791992188,-3232.8195800781,-5227.4155273438,-3991.8981933594,1046.3594970703,4847.2338867188,523.9410007448,2370.3942874294,-12751.0501878574,12980.0833642699,102.4639904148,-79.2207447469
2460847.1840277780,3011.8176269531,-3285.1667480469,-5178.9721679688,-3992.6601562500,1043.4482421875,4847.2338867188,463.8251868183,2416.8810632226,-12738.4447801078,12973.9902610395,100.8635872287,-79.0655361897
2460847.1841435186,3038.5808105469,-3337.1044921875,-5129.8813476562,-3993.4199218750,1040.5364990234,4847.2338867188,403.6973874561,2463.1222716728,-12725.0015695565,12967.4827106522,99.3078300918,-78.9024310378
2460847.1842592591,3064.9650878906,-3388.6262207031,-5080.1489257812,-3994.1777343750,1037.6241455078,4847.2338867188,343.5657616473,2509.1119276412,-12710.7213300906,12960.5600507550,97.7968660100,-78.7317687618
2460847.1843750002,3090.9672851562,-3439.7255859375,-5029.7817382812,-3994.9333496094,1034.7113037109,4847.2338867188,283.4369216756,2554.8432943243,-12695.6074225328,12953.2238679872,96.3305649258,-78.5538903075
2460847.1844907408,3116.5842285156,-3490.3959960938,-4978.7851562500,-3995.6867675781,1031.7978515625,4847.2338867188,223.3179945691,2600.3094490203,-12679.6614934627,12945.4739483019,94.9085925869,-78.3691286562
2460847.1846064813,3141.8122558594,-3540.6311035156,-4927.1665039062,-3996.4379882812,1028.8839111328,4847.2338867188,163.2166464827,2645.5047145753,-12662.8847335401,12937.3097915854,93.5304366280,-78.1778024716
2460847.1847222224,3166.6486816406,-3590.4248046875,-4874.9311523438,-3997.1872558594,1025.9693603516,4847.2338867188,103.1391817396,2690.4217242797,-12645.2807640185,12928.7328205878,92.1953983739,-77.9802308194
2460847.1848379630,3191.0900878906,-3639.7705078125,-4822.0864257812,-3997.9343261719,1023.0542602539,4847.2338867188,43.0938538401,2735.0547046072,-12626.8515578025,12919.7430926552,90.9026845614,-77.7767135342
2460847.1849537035,3215.1335449219,-3688.6625976562,-4768.6381835938,-3998.6791992188,1020.1386718750,4847.2338867188,-16.9127916868,2779.3975752445,-12607.5992532248,12910.3406559901,89.6513562392,-77.5675412265
2460847.1850694446,3238.7758789062,-3737.0942382812,-4714.5937500000,-3999.4221191406,1017.2225341797,4847.2338867188,-76.8734988866,2823.4430576427,-12587.5279457204,12900.5271217448,88.4404009308,-77.3529999283
2460847.1851851852,3262.0141601562,-3785.0598144531,-4659.9594726562,-4000.1628417969,1014.3058471680,4847.2338867188,-136.7809522817,2867.1854585824,-12566.6378435622,12890.3005463047,87.2687381759,-77.1333533440
2460847.1853009257,3284.8454589844,-3832.5529785156,-4604.7421875000,-4000.9013671875,1011.3886108398,4847.2338867188,-196.6281068693,2910.6177090273,-12544.9344995215,12879.6638022038,86.1352296129,-76.9088644535
2460847.1854166668,3307.2668457031,-3879.5681152344,-4548.9487304688,-4001.6379394531,1008.4708251953,4847.2338867188,-256.4081966812,2953.7349897886,-12522.4185865717,12868.6154193271,85.0386980690,-76.6797697133
2460847.1855324074,3329.2756347656,-3926.0991210938,-4492.5859375000,-4002.3720703125,1005.5524902344,4847.2338867188,-316.1129547530,2996.5295503301,-12499.0946241149,12857.1568851259,83.9779685000,-76.4463109573
2460847.1856481479,3350.8688964844,-3972.1401367188,-4435.6606445312,-4003.1044921875,1002.6336669922,4847.2338867188,-375.7378994636,3038.9963064683,-12474.9652169144,12845.2884235055,82.9517868284,-76.2087034370
2460847.1857638890,3372.0439453125,-4017.6855468750,-4378.1806640625,-4003.8344726562,999.7142944336,4847.2338867188,-435.2730527423,3081.1286275732,-12450.0334373517,12833.0101239448,81.9589985619,-75.9671608778
2460847.1858796296,3392.7980957031,-4062.7292480469,-4320.1523437500,-4004.5625000000,996.7943725586,4847.2338867188,-494.7118138789,3122.9199139730,-12424.3039349782,12820.3235854870,80.9983911464,-75.7218862880
2460847.1859953701,3413.1286621094,-4107.2661132812,-4261.5834960938,-4005.2880859375,993.8739624023,4847.2338867188,-554.0490122782,3164.3652893230,-12397.7787319168,12807.2282511809,80.0687460176,-75.4730607625
2460847.1861111112,3433.0332031250,-4151.2900390625,-4202.4809570312,-4006.0119628906,990.9530029297,4847.2338867188,-613.2757926419,3205.4577333282,-12370.4618500368,12793.7247454059,79.1689239392,-75.2208691624
2460847.1862268518,3452.5092773438,-4194.7954101562,-4142.8520507812,-4006.7333984375,988.0314941406,4847.2338867188,-672.3863123747,3246.1910927033,-12342.3573010587,12779.8139153280,78.2977583094,-74.9654808515
2460847.1863425928,3471.5539550781,-4237.7773437500,-4082.7048339844,-4007.4528808594,985.1094970703,4847.2338867188,-731.3726335281,3286.5597729554,-12313.4686036796,12765.4960782606,77.4541482268,-74.7070547388
2460847.1864583334,3490.1652832031,-4280.2304687500,-4022.0461425781,-4008.1701660156,982.1869506836,4847.2338867188,-790.2281222506,3326.5586677208,-12283.8003794248,12750.7727144884,76.6370027404,-74.4457391774
2460847.1865740740,3508.3408203125,-4322.1484375000,-3960.8835449219,-4008.8852539062,979.2638549805,4847.2338867188,-848.9465007841,3366.1800079108,-12253.3549930712,12735.6423706492,75.8452476824,-74.1816822628
2460847.1866898150,3526.0781250000,-4363.5268554688,-3899.2250976562,-4009.5983886719,976.3402709961,4847.2338867188,-907.5200525147,3405.4196938513,-12222.1387083743,12720.1081183978,75.0778801794,-73.9150149293
2460847.1868055556,3543.3750000000,-4404.3603515625,-3837.0781250000,-4010.3093261719,973.4161987305,4847.2338867188,-965.9417308541,3444.2709271068,-12190.1545188810,12704.1691125754,74.3339101453,-73.6458674343
2460847.1869212962,3560.2292480469,-4444.6435546875,-3774.4504394531,-4011.0180664062,970.4915771484,4847.2338867188,-1024.2051932008,3482.7287568138,-12157.4060134743,12687.8255366228,73.6123795478,-73.3743550916
2460847.1870370372,3576.6389160156,-4484.3710937500,-3711.3500976562,-4011.7246093750,967.5664062500,4847.2338867188,-1082.3035827358,3520.7859816418,-12123.8989040655,12671.0788652636,72.9123640662,-73.1005991935
2460847.1871527778,3592.6013183594,-4523.5390625000,-3647.7846679688,-4012.4291992188,964.6407470703,4847.2338867188,-1140.2297843300,3558.4386234490,-12089.6374051808,12653.9299028671,72.2329927616,-72.8246998544
2460847.1872685184,3608.1152343750,-4562.1416015625,-3583.7619628906,-4013.1313476562,961.7145996094,4847.2338867188,-1197.9774068210,3595.6805301377,-12054.6263435789,12636.3794112622,71.5734091751,-72.5467601927
2460847.1873842594,3623.1779785156,-4600.1738281250,-3519.2902832031,-4013.8317871094,958.7879028320,4847.2338867188,-1255.5392591152,3632.5052954004,-12018.8698695452,12618.4272591061,70.9328013263,-72.2668789237
2460847.1875000000,3637.7880859375,-4637.6313476562,-3454.3776855469,-4014.5297851562,955.8607177734,4847.2338867188,-1312.9088954414,3668.9082136462,-11982.3727636578,12600.0743765717,70.3103881596,-71.9851423952
2460847.1876157406,3651.9433593750,-4674.5092773438,-3389.0319824219,-4015.2258300781,952.9330444336,4847.2338867188,-1370.0790518947,3704.8836989642,-11945.1403935703,12581.3218245698,69.7054285711,-71.7016376905
2460847.1877314816,3665.6423339844,-4710.8027343750,-3323.2614746094,-4015.9194335938,950.0048217773,4847.2338867188,-1427.0434686790,3740.4260458598,-11907.1776971330,12562.1702256078,69.1171986041,-71.4164457325
2460847.1878472222,3678.8830566406,-4746.5073242188,-3257.0744628906,-4016.6113281250,947.0761108398,4847.2338867188,-1483.7953773126,3775.5299408762,-11868.4904609612,12542.6209732302,68.5450140728,-71.1296435134
2460847.1879629628,3691.6638183594,-4781.6186523438,-3190.4790039062,-4017.3007812500,944.1469116211,4847.2338867188,-1540.3288927967,3810.1902537742,-11829.0826609160,12522.6738145942,67.9882099311,-70.8412991795
2460847.1880787038,3703.9831542969,-4816.1323242188,-3123.4836425781,-4017.9882812500,941.2172241211,4847.2338867188,-1596.6362480406,3844.4018475139,-11788.9605180666,12502.3303015981,67.4461743029,-70.5514834354
2460847.1881944444,3715.8391113281,-4850.0434570312,-3056.0964355469,-4018.6735839844,938.2869873047,4847.2338867188,-1652.7115187153,3878.1590248899,-11748.1279750141,12481.5897907173,66.9182958166,-70.2602592723
2460847.1883101850,3727.2304687500,-4883.3481445312,-2988.3261718750,-4019.3566894531,935.3562622070,4847.2338867188,-1708.5474540930,3911.4568888426,-11706.5923289683,12460.4547811395,66.4040105665,-69.9676904883
2460847.1884259260,3738.1557617188,-4916.0424804688,-2920.1809082031,-4020.0375976562,932.4250488281,4847.2338867188,-1764.1387043712,3944.2905386562,-11664.3586478575,12438.9258333444,65.9027564129,-69.6738311460
2460847.1885416666,3748.6137695312,-4948.1215820312,-2851.6696777344,-4020.7165527344,929.4933471680,4847.2338867188,-1819.4783466111,3976.6537844374,-11621.4319482071,12417.0027503369,65.4140080973,-69.3787399912
2460847.1886574072,3758.6025390625,-4979.5820312500,-2782.8005371094,-4021.3933105469,926.5611572266,4847.2338867188,-1874.5600419836,4008.5431424400,-11577.8190194449,12394.6878428956,64.9372710198,-69.0824642244
2460847.1887731482,3768.1213378906,-5010.4199218750,-2713.5825195312,-4022.0678710938,923.6284790039,4847.2338867188,-1929.3767124198,4039.9534412561,-11533.5253863793,12371.9814962762,64.4720722258,-68.7850544954
2460847.1888888888,3777.1687011719,-5040.6303710938,-2644.0239257812,-4022.7402343750,920.6953125000,4847.2338867188,-1983.9225912763,4070.8787302949,-11488.5564039024,12348.8837848038,64.0179401549,-68.4865593390
2460847.1890046299,3785.7436523438,-5070.2104492188,-2574.1335449219,-4023.4106445312,917.7615966797,4847.2338867188,-2038.1915883967,4101.3150634893,-11442.9184322644,12325.3962390047,63.5744385143,-68.1870194486
2460847.1891203704,3793.8447265625,-5099.1562500000,-2503.9204101562,-4024.0788574219,914.8274536133,4847.2338867188,-2092.1768615836,4131.2574345944,-11396.6184746838,12301.5204210106,63.1411528646,-67.8864801453
2460847.1892361110,3801.4711914062,-5127.4638671875,-2433.3928222656,-4024.7448730469,911.8928222656,4847.2338867188,-2145.8720022661,4160.7006519140,-11349.6613431974,12277.2557670767,62.7176809547,-67.5849808721
2460847.1893518521,3808.6218261719,-5155.1298828125,-2362.5600585938,-4025.4086914062,908.9576416016,4847.2338867188,-2199.2717643130,4189.6409920789,-11302.0541118175,12252.6044203779,62.3036336707,-67.2825552128
2460847.1894675926,3815.2958984375,-5182.1508789062,-2291.4306640625,-4026.0703125000,906.0220336914,4847.2338867188,-2252.3696481546,4218.0734380982,-11253.8034340394,12227.5673906593,61.8986451368,-66.9792417536
2460847.1895833332,3821.4924316406,-5208.5234375000,-2220.0136718750,-4026.7299804688,903.0859375000,4847.2338867188,-2305.1595325974,4245.9935247503,-11204.9156438666,12202.1455518738,61.5023642490,-66.6750740416
2460847.1896990743,3827.2106933594,-5234.2436523438,-2148.3181152344,-4027.3874511719,900.1493530273,4847.2338867188,-2357.6348594741,4273.3964136011,-11155.3967057696,12176.3391338070,61.1144573481,-66.3700857238
2460847.1898148148,3832.4499511719,-5259.3085937500,-2076.3527832031,-4028.0427246094,897.2123413086,4847.2338867188,-2409.7897318566,4300.2778167366,-11105.2544223468,12150.1502722366,60.7346012513,-66.0643090498
2460847.1899305554,3837.2092285156,-5283.7153320312,-2004.1268310547,-4028.6960449219,894.2747802734,4847.2338867188,-2461.6187653292,4326.6337368925,-11054.4944717265,12123.5792761242,60.3624830370,-65.7577687645
2460847.1900462965,3841.4882812500,-5307.4609375000,-1931.6491699219,-4029.3471679688,891.3367919922,4847.2338867188,-2513.1160008059,4352.4600684883,-11003.1239644716,12096.6275324498,59.9978081574,-65.4504926890
2460847.1901620370,3845.2863769531,-5330.5415039062,-1858.9290771484,-4029.9958496094,888.3983154297,4847.2338867188,-2564.2743608389,4377.7517764577,-10951.1503443285,12069.2960638978,59.6402999933,-65.1425140924
2460847.1902777776,3848.6027832031,-5352.9550781250,-1785.9755859375,-4030.6428222656,885.4593505859,4847.2338867188,-2615.0893731674,4402.5055997090,-10898.5800608021,12041.5860801987,59.2896781286,-64.8338509807
2460847.1903935187,3851.4375000000,-5374.6977539062,-1712.7977294922,-4031.2873535156,882.5198974609,4847.2338867188,-2665.5542625451,4426.7165786209,-10845.4201737285,12013.4981557715,58.9456861879,-64.5245328594
2460847.1905092592,3853.7897949219,-5395.7680664062,-1639.4047851562,-4031.9296875000,879.5800170898,4847.2338867188,-2715.6644137138,4450.3817436412,-10791.6782906268,11985.0344680536,58.6080690650,-64.2145773195
2460847.1906249998,3855.6594238281,-5416.1621093750,-1565.8060302734,-4032.5700683594,876.6396484375,4847.2338867188,-2765.4127028097,4473.4962361960,-10737.3611765202,11956.1950898755,58.2765947376,-63.9040119143
2460847.1907407409,3857.0461425781,-5435.8779296875,-1492.0104980469,-4033.2082519531,873.6988525391,4847.2338867188,-2814.7947342616,4496.0566882601,-10682.4759852377,11926.9815257364,57.9510237048,-63.5928525704
2460847.1908564814,3857.9497070312,-5454.9125976562,-1418.0275878906,-4033.8442382812,870.7575683594,4847.2338867188,-2863.8036859728,4518.0589056268,-10627.0310159383,11897.3953468908,57.6311433951,-63.2811254428
2460847.1909722220,3858.3701171875,-5473.2646484375,-1343.8665771484,-4034.4782714844,867.8157958984,4847.2338867188,-2912.4356477917,4539.5004763866,-10571.0331934820,11867.4381715407,57.3167336001,-62.9688399427
2460847.1910879631,3858.3071289062,-5490.9306640625,-1269.5367431641,-4035.1101074219,864.8735351562,4847.2338867188,-2960.6834468764,4560.3760585007,-10514.4892414730,11837.1094561386,57.0075951114,-62.6560224783
2460847.1912037036,3857.7607421875,-5507.9086914062,-1195.0473632812,-4035.7395019531,861.9309082031,4847.2338867188,-3008.5423195769,4580.6830578754,-10457.4079208824,11806.4120116624,56.7035306219,-62.3426878344
2460847.1913194442,3856.7309570312,-5524.1967773438,-1120.4078369141,-4036.3669433594,858.9877319336,4847.2338867188,-3056.0070666184,4600.4172570054,-10399.7963453473,11775.3463708918,56.4043450491,-62.0288534699
2460847.1914351853,3855.2180175781,-5539.7924804688,-1045.6275634766,-4036.9924316406,856.0441284180,4847.2338867188,-3103.0723852717,4619.5752924555,-10341.6628199588,11743.9143386104,56.1098563036,-61.7145361751
2460847.1915509258,3853.2219238281,-5554.6943359375,-970.7158813477,-4037.6154785156,853.1000976562,4847.2338867188,-3149.7323849102,4638.1549814856,-10283.0145131734,11712.1169396043,55.8199008458,-61.3997469038
2460847.1916666669,3850.7431640625,-5568.8999023438,-895.6821899414,-4038.2365722656,850.1555786133,4847.2338867188,-3195.9822888416,4656.1519323968,-10223.8595354621,11679.9553684511,55.5342993782,-61.0845035550
2460847.1917824075,3847.7817382812,-5582.4077148438,-820.5359497070,-4038.8554687500,847.2106323242,4847.2338867188,-3241.8168431828,4673.5627062264,-10164.2062332233,11647.4311831094,55.2528883364,-60.7688219484
2460847.1918981480,3844.3381347656,-5595.2158203125,-745.2866210938,-4039.4721679688,844.2652587891,4847.2338867188,-3287.2311870305,4690.3850015014,-10104.0620062425,11614.5455944384,54.9755132938,-60.4527103207
2460847.1920138891,3840.4125976562,-5607.3227539062,-669.9435424805,-4040.0866699219,841.3193969727,4847.2338867188,-3332.2193153582,4706.6156614811,-10043.4345657038,11581.2993410117,54.7020298489,-60.1361831338
2460847.1921296297,3836.0058593750,-5618.7265625000,-594.5162963867,-4040.6992187500,838.3731079102,4847.2338867188,-3376.7774506651,4722.2508540700,-9982.3335065287,11547.6950650617,54.4322768370,-59.8192560632
2460847.1922453702,3831.1181640625,-5629.4262695312,-519.0143432617,-4041.3093261719,835.4263305664,4847.2338867188,-3420.8997011990,4737.2884826565,-9920.7659962221,11513.7333165820,54.1661253091,-59.5019377252
2460847.1923611113,3825.7502441406,-5639.4208984375,-443.4471435547,-4041.9174804688,832.4791259766,4847.2338867188,-3464.5813236664,4751.7260550877,-9858.7408129700,11479.4161292383,53.9034395143,-59.1842390591
2460847.1924768519,3819.9028320312,-5648.7080078125,-367.8241577148,-4042.5234375000,829.5314941406,4847.2338867188,-3507.8176512862,4765.5596671926,-9796.2655207199,11444.7438489768,53.6440796257,-58.8661724035
2460847.1925925924,3813.5764160156,-5657.2871093750,-292.1549682617,-4043.1274414062,826.5834350586,4847.2338867188,-3550.6044658267,4778.7876923509,-9733.3493416837,11409.7192467023,53.3879198324,-58.5477451178
2460847.1927083335,3806.7719726562,-5665.1567382812,-216.4490203857,-4043.7290039062,823.6349487305,4847.2338867188,-3592.9354023934,4791.4065074762,-9670.0003221886,11374.3425021750,53.1348436011,-58.2289737667
2460847.1928240741,3799.4902343750,-5672.3164062500,-140.7158660889,-4044.3286132812,820.6859741211,4847.2338867188,-3634.8076678866,4803.4147950991,-9606.2269712163,11338.6161897662,52.8847240266,-57.9098589165
2460847.1929398146,3791.7321777344,-5678.7646484375,-64.9650192261,-4044.9260253906,817.7365722656,4847.2338867188,-3676.2156375710,4814.8087433703,-9542.0379610200,11302.5410018589,52.6374454465,-57.5904172587
2460847.1930555557,3783.4985351562,-5684.5009765625,10.7939996719,-4045.5212402344,814.7867431641,4847.2338867188,-3717.1544506200,4825.5874142595,-9477.4419703920,11266.1190036575,52.3929062994,-57.2706536821
2460847.1931712963,3774.7907714844,-5689.5244140625,86.5516586304,-4046.1142578125,811.8364868164,4847.2338867188,-3757.6210786679,4835.7474952852,-9412.4479488291,11229.3520026057,52.1509811820,-56.9505770635
2460847.1932870368,3765.6093750000,-5693.8344726562,162.2984466553,-4046.7050781250,808.8858032227,4847.2338867188,-3797.6091077623,4845.2873885316,-9347.0639011720,11192.2405435827,51.9115829391,-56.6301966388
2460847.1934027779,3755.9558105469,-5697.4306640625,238.0248107910,-4047.2939453125,805.9346923828,4847.2338867188,-3837.1159971375,4854.2047319530,-9281.2991892632,11154.7871963485,51.6745944803,-56.3095178143
2460847.1935185185,3745.8312988281,-5700.3120117188,313.7212524414,-4047.8806152344,802.9831542969,4847.2338867188,-3876.1360297569,4862.4971860918,-9215.1624073000,11116.9927407930,51.4399251011,-55.9885521254
2460847.1936342590,3735.2370605469,-5702.4790039062,389.3782348633,-4048.4650878906,800.0311889648,4847.2338867188,-3914.6661576693,4870.1640289332,-9148.6624882162,11078.8597842021,51.2074767624,-55.6672996013
2460847.1937500001,3724.1743164062,-5703.9301757812,464.9862365723,-4049.0473632812,797.0787963867,4847.2338867188,-3952.7011514241,4877.2013814243,-9081.8084385433,11040.3887713175,50.9771516824,-55.3457768513
2460847.1938657407,3712.6442871094,-5704.6665039062,540.5357666016,-4049.6274414062,794.1259765625,4847.2338867188,-3990.2370978639,4883.6096020703,-9014.6090990124,11001.5822521399,50.7488694442,-55.0239824365
2460847.1939814813,3700.6489257812,-5704.6870117188,616.0173339844,-4050.2055664062,791.1727294922,4847.2338867188,-4027.2710120250,4889.3854044881,-8947.0740952945,10962.4420775942,50.5225246460,-54.7019269001
2460847.1940972223,3688.1892089844,-5703.9921875000,691.4213867188,-4050.7814941406,788.2190551758,4847.2338867188,-4063.7980038109,4894.5279884006,-8879.2114419589,10922.9691144866,50.2980418726,-54.3796129232
2460847.1942129629,3675.2668457031,-5702.5820312500,766.7384643555,-4051.3549804688,785.2649536133,4847.2338867188,-4099.8141366050,4899.0356269437,-8811.0309191042,10883.1655269127,50.0753357901,-54.0570490811
2460847.1943287039,3661.8835449219,-5700.4560546875,841.9591064453,-4051.9265136719,782.3104248047,4847.2338867188,-4135.3153107496,4902.9063176578,-8742.5415294806,10843.0325773623,49.8543226317,-53.7342430477
2460847.1944444445,3648.0410156250,-5697.6152343750,917.0737915039,-4052.4960937500,779.3555297852,4847.2338867188,-4170.2987323981,4906.1392145447,-8673.7527406447,10802.5728470479,49.6349183268,-53.4111966859
2460847.1945601851,3633.7407226562,-5694.0600585938,992.0731811523,-4053.0632324219,776.4002075195,4847.2338867188,-4204.7597950840,4908.7339261614,-8604.6731267566,10761.7876447424,49.4170556654,-53.0879126955
2460847.1946759261,3618.9846191406,-5689.7900390625,1066.9477539062,-4053.6284179688,773.4444580078,4847.2338867188,-4238.6955821575,4910.6871175438,-8535.3130107289,10720.6789148696,49.2006407381,-52.7644043374
2460847.1947916667,3603.7744140625,-5684.8066406250,1141.6879882812,-4054.1911621094,770.4882812500,4847.2338867188,-4272.1015242361,4911.9998633722,-8465.6806783470,10679.2482618809,48.9856178237,-52.4406688393
2460847.1949074073,3588.1123046875,-5679.1098632812,1216.2847900391,-4054.7519531250,767.5317382812,4847.2338867188,-4304.9747969462,4912.6698952977,-8395.7858910872,10637.4975549462,48.7719017832,-52.1167142661
2460847.1950231483,3572.0000000000,-5672.7006835938,1290.7283935547,-4055.3105468750,764.5747680664,4847.2338867188,-4337.3120540634,4912.6965752761,-8325.6379691158,10595.4287826324,48.5594218971,-51.7925436255
2460847.1951388889,3555.4394531250,-5665.5800781250,1365.0097656250,-4055.8671875000,761.6173706055,4847.2338867188,-4369.1096671582,4912.0791968554,-8255.2466334188,10553.0440299663,48.3481102935,-51.4681624790
2460847.1952546295,3538.4328613281,-5657.7480468750,1439.1192626953,-4056.4213867188,758.6596069336,4847.2338867188,-4400.3642215981,4910.8166583340,-8184.6211463120,10510.3448489166,48.1378966894,-51.1435757213
2460847.1953703705,3520.9824218750,-5649.2065429688,1513.0477294922,-4056.9736328125,755.7014160156,4847.2338867188,-4431.0727557241,4908.9088256656,-8113.7705137036,10467.3331643864,47.9287147048,-50.8187831907
2460847.1954861111,3503.0903320312,-5639.9565429688,1586.7858886719,-4057.5234375000,752.7427978516,4847.2338867188,-4461.2317821752,4906.3544479794,-8042.7048956121,10424.0109852878,47.7204960366,-50.4937939227
2460847.1956018517,3484.7585449219,-5629.9985351562,1660.3243408203,-4058.0712890625,749.7838134766,4847.2338867188,-4490.8385479583,4903.1533199975,-7971.4337941422,10380.3805362628,47.5131748076,-50.1686095639
2460847.1957175927,3465.9895019531,-5619.3344726562,1733.6539306641,-4058.6169433594,746.8244018555,4847.2338867188,-4519.8895658906,4899.3054226772,-7899.9660905210,10336.4432733848,47.3066919298,-49.8432313019
2460847.1958333333,3446.7856445312,-5607.9653320312,1806.7653808594,-4059.1606445312,743.8646240234,4847.2338867188,-4548.3826897404,4894.8103165424,-7828.3121197055,10292.2020855980,47.1009783199,-49.5176631928
2460847.1959490739,3427.1494140625,-5595.8920898438,1879.6494140625,-4059.7019042969,740.9044189453,4847.2338867188,-4576.3142810477,4889.6664720575,-7756.4812744637,10247.6578967094,46.8959688244,-49.1919138699
2460847.1960648149,3407.0832519531,-5583.1171875000,1952.2971191406,-4060.2412109375,737.9438476562,4847.2338867188,-4603.6816431555,4883.8757298746,-7684.4827848067,10202.8134593541,46.6916128233,-48.8659784569
2460847.1961805555,3386.5893554688,-5569.6416015625,2024.6989746094,-4060.7780761719,734.9829101562,4847.2338867188,-4630.4819692599,4877.4368085643,-7612.3267468044,10157.6705788922,46.4878428987,-48.5398655031
2460847.1962962961,3365.6706542969,-5555.4672851562,2096.8461914062,-4061.3129882812,732.0215454102,4847.2338867188,-4656.7130924751,4870.3499537303,-7540.0228384763,10112.2316974135,46.2845972958,-48.2135757458
2460847.1964120371,3344.3298339844,-5540.5957031250,2168.7294921875,-4061.8457031250,729.0597534180,4847.2338867188,-4682.3724630080,4862.6149414783,-7467.5810535016,10066.4990310455,46.0818145303,-47.8871139607
2460847.1965277777,3322.5690917969,-5525.0292968750,2240.3398437500,-4062.3762207031,726.0976562500,4847.2338867188,-4707.4564493791,4854.2332707212,-7395.0101510809,10020.4741406766,45.8794504093,-47.5604784515
2460847.1966435187,3300.3916015625,-5508.7695312500,2311.6684570312,-4062.9047851562,723.1351318359,4847.2338867188,-4731.9638375953,4845.2040233713,-7322.3206150606,9974.1597630149,45.6774322506,-47.2336746699
2460847.1967592593,3277.8000488281,-5491.8183593750,2382.7062988281,-4063.4309082031,720.1721801758,4847.2338867188,-4755.8915949266,4835.5275858603,-7249.5217109824,9927.5574505673,45.4757065922,-46.9067050607
2460847.1968749999,3254.7971191406,-5474.1782226562,2453.4440917969,-4063.9550781250,717.2089233398,4847.2338867188,-4779.2372952726,4825.2047379204,-7176.6235371280,9880.6697789691,45.2742189853,-46.5795726802
2460847.1969907410,3231.3857421875,-5455.8510742188,2523.8732910156,-4064.4770507812,714.2452392578,4847.2338867188,-4801.9992852985,4814.2357051551,-7103.6358860727,9833.4991413381,45.0729074151,-46.2522791193
2460847.1971064815,3207.5690917969,-5436.8393554688,2593.9846191406,-4064.9965820312,711.2811889648,4847.2338867188,-4824.1744961546,4802.6218676422,-7030.5683125486,9786.0475765406,44.8717254898,-45.9248261042
2460847.1972222221,3183.3498535156,-5417.1455078125,2663.7697753906,-4065.5141601562,708.3167724609,4847.2338867188,-4845.7621612856,4790.3633062254,-6957.4310393132,9738.3180373295,44.6706056157,-45.5972154464
2460847.1973379632,3158.7312011719,-5396.7719726562,2733.2199707031,-4066.0297851562,705.3519287109,4847.2338867188,-4866.7590572072,4777.4610988084,-6884.2328508584,9690.3116676593,44.4695009192,-45.2694477623
2460847.1974537037,3133.7163085938,-5375.7216796875,2802.3259277344,-4066.5429687500,702.3867797852,4847.2338867188,-4887.1639415521,4763.9162412766,-6810.9848465067,9642.0321470554,44.2683524442,-44.9415279283
2460847.1975694443,3108.3081054688,-5353.9965820312,2871.0793457031,-4067.0541992188,699.4212036133,4847.2338867188,-4906.9746338730,4749.7296673869,-6737.6960533378,9593.4811240703,44.0671064910,-44.6134556087
2460847.1976851854,3082.5100097656,-5331.5996093750,2939.4716796875,-4067.5629882812,696.4552612305,4847.2338867188,-4926.1894650306,4734.9016746157,-6664.3762505621,9544.6606709046,43.8657025363,-44.2852342503
2460847.1978009259,3056.3249511719,-5308.5336914062,3007.4938964844,-4068.0698242188,693.4890136719,4847.2338867188,-4944.8059961931,4719.4345915574,-6591.0352059593,9495.5734050225,43.6640967632,-43.9568640478
2460847.1979166665,3029.7565917969,-5284.8017578125,3075.1379394531,-4068.5744628906,690.5223388672,4847.2338867188,-4962.8240938904,4703.3294575557,-6517.6833579291,9446.2229132832,43.4622241724,-43.6283453193
2460847.1980324076,3002.8081054688,-5260.4067382812,3142.3947753906,-4069.0769042969,687.5552978516,4847.2338867188,-4980.2406607794,4686.5868541741,-6444.3299173718,9396.6101049757,43.2600339939,-43.2996837376
2460847.1981481481,2975.4829101562,-5235.3515625000,3209.2563476562,-4069.5771484375,684.5878906250,4847.2338867188,-4997.0553450036,4669.2088223399,-6370.9851380055,9346.7387240862,43.0574683238,-42.9708774137
2460847.1982638887,2947.7841796875,-5209.6396484375,3275.7141113281,-4070.0751953125,681.6201171875,4847.2338867188,-5013.2658480132,4651.1968491897,-6297.6582667705,9296.6104703699,42.8544768816,-42.6419279266
2460847.1983796298,2919.7158203125,-5183.2744140625,3341.7600097656,-4070.5712890625,678.6519775391,4847.2338867188,-5028.8717146806,4632.5525922498,-6224.3594700522,9246.2286936406,42.6509996291,-42.3128352751
2460847.1984953703,2891.2810058594,-5156.2583007812,3407.3850097656,-4071.0651855469,675.6835327148,4847.2338867188,-5043.8707212395,4613.2774141205,-6151.0986975035,9195.5954423105,42.4469844742,-41.9836052051
2460847.1986111109,2862.4836425781,-5128.5957031250,3472.5815429688,-4071.5566406250,672.7146606445,4847.2338867188,-5058.2620437511,4593.3736424279,-6077.8851641486,9144.7134668497,42.2423769551,-41.6542334904
2460847.1987268520,2833.3269042969,-5100.2895507812,3537.3413085938,-4072.0461425781,669.7454223633,4847.2338867188,-5072.0449940517,4572.8424958677,-6004.7291590377,9093.5857167069,42.0371146052,-41.3247240107
2460847.1988425925,2803.8149414062,-5071.3437500000,3601.6557617188,-4072.5334472656,666.7758789062,4847.2338867188,-5085.2181379658,4551.6862622625,-5931.6406600817,9042.2150085640,41.8311453334,-40.9950790169
2460847.1989583331,2773.9511718750,-5041.7612304688,3665.5173339844,-4073.0185546875,663.8059692383,4847.2338867188,-5097.7802068614,4529.9069080552,-5858.6285062435,8990.6032949566,41.6244135970,-40.6652961651
2460847.1990740742,2743.7392578125,-5011.5463867188,3728.9174804688,-4073.5014648438,660.8356933594,4847.2338867188,-5109.7304004006,4507.5061765985,-5785.7032114474,8938.7537357175,41.4168592513,-40.3353807383
2460847.1991898147,2713.1833496094,-4980.7031250000,3791.8486328125,-4073.9824218750,657.8651123047,4847.2338867188,-5121.0688120425,4484.4876881822,-5712.8747665278,8886.6705633304,41.2084284345,-40.0053281404
2460847.1993055558,2682.2871093750,-4949.2348632812,3854.3027343750,-4074.4609375000,654.8941040039,4847.2338867188,-5131.7932837459,4460.8521050369,-5640.1518977772,8834.3543759638,40.9990604696,-39.6751431334
2460847.1994212964,2651.0541992188,-4917.1459960938,3916.2719726562,-4074.9375000000,651.9227905273,4847.2338867188,-5141.9041059769,4436.6029993764,-5567.5450823672,8781.8097367985,40.7886987817,-39.3448240136
2460847.1995370369,2619.4887695312,-4884.4399414062,3977.7487792969,-4075.4118652344,648.9511718750,4847.2338867188,-5151.4002899509,4411.7418478984,-5495.0633959177,8729.0384811249,40.5772798087,-39.0143722908
2460847.1996527780,2587.5949707031,-4851.1210937500,4038.7248535156,-4075.8840332031,645.9791259766,4847.2338867188,-5160.2816497383,4386.2713573550,-5422.7175522006,8676.0445351510,40.3647425548,-38.6837924398
2460847.1997685186,2555.3762207031,-4817.1943359375,4099.1928710938,-4076.3540039062,643.0067749023,4847.2338867188,-5168.5472956276,4360.1954557457,-5350.5163908827,8622.8308117781,40.1510369380,-38.3530788954
2460847.1998842591,2522.8371582031,-4782.6630859375,4159.1455078125,-4076.8217773438,640.0340576172,4847.2338867188,-5176.1971143574,4333.5155104552,-5278.4694082469,8569.3997771044,39.9360911816,-38.0222343075
2460847.2000000002,2489.9816894531,-4747.5317382812,4218.5751953125,-4077.2873535156,637.0610351562,4847.2338867188,-5183.2306356053,4306.2344268533,-5206.5861183580,8515.7544450725,39.7198443628,-37.6912589299
2460847.2001157408,2456.8139648438,-4711.8046875000,4277.4736328125,-4077.7507324219,634.0876464844,4847.2338867188,-5189.6473634445,4278.3554682587,-5134.8769728341,8461.8985337705,39.5022370030,-37.3601577443
2460847.2002314813,2423.3378906250,-4675.4873046875,4335.8344726562,-4078.2121582031,631.1139526367,4847.2338867188,-5195.4479687551,4249.8814967666,-5063.3508521368,8407.8352852821,39.2831995929,-37.0289253096
2460847.2003472224,2389.5581054688,-4638.5830078125,4393.6499023438,-4078.6711425781,628.1398925781,4847.2338867188,-5200.6321695469,4220.8153903924,-4992.0177493318,8353.5680240447,39.0626667281,-36.6975656771
2460847.2004629630,2355.4785156250,-4601.0971679688,4450.9125976562,-4079.1281738281,625.1655273438,4847.2338867188,-5205.1990276577,4191.1611672970,-4920.8864631130,8299.0994951643,38.8405828780,-36.3660761034
2460847.2005787035,2321.1035156250,-4563.0341796875,4507.6157226562,-4079.5830078125,622.1907958984,4847.2338867188,-5209.1499246116,4160.9210319835,-4849.9671143789,8244.4337453848,38.6168666753,-36.0344589871
2460847.2006944446,2286.4375000000,-4524.3989257812,4563.7514648438,-4080.0356445312,619.2157592773,4847.2338867188,-5212.4838746829,4130.0985406523,-4779.2691010713,8189.5735688608,38.3914571066,-35.7027174249
2460847.2008101852,2251.4846191406,-4485.1962890625,4619.3134765625,-4080.4860839844,616.2404174805,4847.2338867188,-5215.2015944452,4098.6970550866,-4708.8013422932,8134.5224384263,38.1642813028,-35.3708474333
2460847.2009259257,2216.2495117188,-4445.4316406250,4674.2949218750,-4080.9343261719,613.2647094727,4847.2338867188,-5217.3035596726,4066.7209817622,-4638.5731929822,8079.2844512327,37.9352733400,-35.0388461967
2460847.2010416668,2180.7365722656,-4405.1088867188,4728.6879882812,-4081.3806152344,610.2886962891,4847.2338867188,-5218.7900670273,4034.1721845903,-4568.5951355502,8023.8629407037,37.7043493683,-34.7067250926
2460847.2011574074,2144.9499511719,-4364.2338867188,4782.4868164062,-4081.8244628906,607.3123168945,4847.2338867188,-5219.6611819418,4001.0557420602,-4498.8748989821,7968.2611190920,37.4714470690,-34.3744727817
2460847.2012731479,2108.8945312500,-4322.8120117188,4835.6840820312,-4082.2661132812,604.3356323242,4847.2338867188,-5219.9176101991,3967.3745172296,-4429.4226721971,7912.4828989517,37.2364838353,-34.0420963956
2460847.2013888890,2072.5744628906,-4280.8476562500,4888.2734375000,-4082.7058105469,601.3586425781,4847.2338867188,-5219.5600523028,3933.1325001286,-4360.2473607080,7856.5320243556,36.9993830508,-33.7095933887
2460847.2015046296,2035.9947509766,-4238.3466796875,4940.2480468750,-4083.1433105469,598.3813476562,4847.2338867188,-5218.5893333217,3898.3340497431,-4291.3586148389,7800.4129220444,36.7600682117,-33.3769650821
2460847.2016203701,1999.1596679688,-4195.3144531250,4991.6010742188,-4083.5786132812,595.4036865234,4847.2338867188,-5217.0053957294,3862.9827779548,-4222.7653385349,7744.1286369853,36.5184602948,-33.0442136605
2460847.2017361112,1962.0739746094,-4151.7558593750,5042.3266601562,-4084.0117187500,592.4257812500,4847.2338867188,-5214.8099110948,3827.0821007895,-4154.4766190328,7687.6833827315,36.2744676797,-32.7113379288
2460847.2018518518,1924.7423095703,-4107.6767578125,5092.4184570312,-4084.4426269531,589.4475097656,4847.2338867188,-5212.0032526715,3790.6365704330,-4086.5010851018,7631.0808299676,36.0280114986,-32.3783359606
2460847.2019675928,1887.1693115234,-4063.0830078125,5141.8701171875,-4084.8713378906,586.4689331055,4847.2338867188,-5208.5865395812,3753.6511771511,-4018.8479962651,7574.3257202947,35.7790100088,-32.0452070543
2460847.2020833334,1849.3596191406,-4017.9794921875,5190.6748046875,-4085.2978515625,583.4899902344,4847.2338867188,-5204.5604397467,3716.1294017368,-3951.5268699538,7517.4218789022,35.5273706717,-31.7119580224
2460847.2021990740,1811.3182373047,-3972.3725585938,5238.8271484375,-4085.7221679688,580.5108032227,4847.2338867188,-5199.9269546436,3678.0752155328,-3884.5464329243,7460.3738923925,35.2729950406,-31.3785858603
2460847.2023148150,1773.0496826172,-3926.2675781250,5286.3212890625,-4086.1445312500,577.5313110352,4847.2338867188,-5194.6867581791,3639.4937805694,-3817.9149287268,7403.1857937917,35.0157978117,-31.0450866347
2460847.2024305556,1734.5589599609,-3879.6701660156,5333.1503906250,-4086.5644531250,574.5515136719,4847.2338867188,-5188.8405407138,3600.3891145390,-3751.6418937674,7345.8617487751,34.7556825937,-30.7114682807
2460847.2025462962,1695.8507080078,-3832.5866699219,5379.3090820312,-4086.9824218750,571.5713500977,4847.2338867188,-5182.3900074753,3560.7662769919,-3685.7358042761,7288.4066220173,34.4925527322,-30.3777268509
2460847.2026620372,1656.9299316406,-3785.0227050781,5424.7915039062,-4087.3981933594,568.5909423828,4847.2338867188,-5175.3368034486,3520.6293105885,-3620.2057250086,7230.8250748507,34.2263014864,-30.0438656539
2460847.2027777778,1617.8015136719,-3736.9843750000,5469.5922851562,-4087.8117675781,565.6102294922,4847.2338867188,-5167.6822666671,3479.9833228671,-3555.0598216721,7173.1216546442,33.9568287402,-29.7098812975
2460847.2028935184,1578.4702148438,-3688.4775390625,5513.7055664062,-4088.2229003906,562.6292114258,4847.2338867188,-5159.4277025119,3438.8329434356,-3490.3068718314,7115.3009978397,33.6840278904,-29.3757765590
2460847.2030092594,1538.9411621094,-3639.5083007812,5557.1254882812,-4088.6320800781,559.6478271484,4847.2338867188,-5150.5744058932,3397.1828192524,-3425.9556441966,7057.3677737573,33.4077892814,-29.0415550556
2460847.2031250000,1499.2192382812,-3590.0830078125,5599.8471679688,-4089.0393066406,556.6661987305,4847.2338867188,-5141.1251035266,3355.0379130230,-3362.0148393626,6999.3278611612,33.1279950312,-28.7072154620
2460847.2032407406,1459.3094482422,-3540.2077636719,5641.8647460938,-4089.4440917969,553.6843261719,4847.2338867188,-5131.0800595408,3312.4040741264,-3298.4923543446,6941.1854275315,32.8445433801,-28.3727578102
2460847.2033564816,1419.2166748047,-3489.8886718750,5683.1733398438,-4089.8466796875,550.7020874023,4847.2338867188,-5120.4422232833,3269.2853226522,-3235.3970780089,6882.9462685161,32.5573009572,-28.0381852519
2460847.2034722222,1378.9460449219,-3439.1325683594,5723.7675781250,-4090.2473144531,547.7196044922,4847.2338867188,-5109.2129117524,3225.6873587050,-3172.7371582741,6824.6154902105,32.2661521620,-27.7034983395
2460847.2035879628,1338.5026855469,-3387.9450683594,5763.6425781250,-4090.6455078125,544.7367553711,4847.2338867188,-5097.3943871424,3181.6150973011,-3110.5209029056,6766.1986708090,31.9709665088,-27.3686982981
2460847.2037037038,1297.8916015625,-3336.3332519531,5802.7934570312,-4091.0417480469,541.7536621094,4847.2338867188,-5084.9885799947,3137.0740202907,-3048.7563392024,6707.7013561492,31.6716156994,-27.0337851515
2460847.2038194444,1257.1177978516,-3284.3032226562,5841.2148437500,-4091.4355468750,538.7703247070,4847.2338867188,-5071.9967201290,3092.0693975760,-2987.4515413589,6649.1285594725,31.3679690598,-26.6987630197
2460847.2039351850,1216.1865234375,-3231.8615722656,5878.9018554688,-4091.8273925781,535.7866210938,4847.2338867188,-5058.4218220520,3046.6065558116,-2926.6154533444,6590.4871479642,31.0598830122,-26.3636378203
2460847.2040509260,1175.1027832031,-3179.0151367188,5915.8505859375,-4092.2170410156,532.8026733398,4847.2338867188,-5044.2664339324,3000.6912744705,-2866.2553458209,6531.7831936331,30.7472155868,-26.0284043368
2460847.2041666666,1133.8719482422,-3125.7702636719,5952.0556640625,-4092.6044921875,529.8184814453,4847.2338867188,-5029.5321172154,2954.3288164508,-2806.3795734268,6473.0223531176,30.4298207433,-25.6930711545
2460847.2042824072,1092.4989013672,-3072.1337890625,5987.5131835938,-4092.9897460938,526.8339843750,4847.2338867188,-5014.2213704698,2907.5247550648,-2746.9953648792,6414.2107611193,30.1075454073,-25.3576353716
2460847.2043981482,1050.9890136719,-3018.1123046875,6022.2177734375,-4093.3728027344,523.8491210938,4847.2338867188,-4998.3361275310,2860.2848610712,-2688.1113897335,6355.3549368914,29.7802358989,-25.0221083046
2460847.2045138888,1009.3474731445,-2963.7126464844,6056.1660156250,-4093.7536621094,520.8640747070,4847.2338867188,-4981.8795895678,2812.6148755335,-2629.7348313995,6296.4618609581,29.4477267400,-24.6864864371
2460847.2046296299,967.5794677734,-2908.9416503906,6089.3535156250,-4094.1325683594,517.8787231445,4847.2338867188,-4964.8542883273,2764.5206239635,-2571.8735861231,6237.5384670268,29.1098510303,-24.3507753513
2460847.2047453704,925.6902465820,-2853.8061523438,6121.7758789062,-4094.5090332031,514.8931274414,4847.2338867188,-4947.2623976051,2716.0079474850,-2514.5352474434,6178.5914181304,28.7664380519,-24.0149806548
2460847.2048611110,883.6850585938,-2798.3132324219,6153.4287109375,-4094.8833007812,511.9071960449,4847.2338867188,-4929.1064520925,2667.0829349999,-2457.7277140962,6119.6280372964,28.4173115830,-23.6791103204
2460847.2049768521,841.5691528320,-2742.4697265625,6184.3085937500,-4095.2556152344,508.9210205078,4847.2338867188,-4910.3895577086,2617.7512095454,-2401.4580889420,6060.6557365086,28.0622822906,-23.3431659640
2460847.2050925926,799.3478393555,-2686.2827148438,6214.4116210938,-4095.6257324219,505.9346008301,4847.2338867188,-4891.1146014331,2568.0193356304,-2345.7339291632,6001.6825156743,27.7011640418,-23.0071536032
2460847.2052083332,757.0263671875,-2629.7590332031,6243.7338867188,-4095.9934082031,502.9478759766,4847.2338867188,-4871.2836064847,2517.8930938369,-2290.5620614905,5942.7152181757,27.3337611481,-22.6710786480
2460847.2053240743,714.6101074219,-2572.9060058594,6272.2714843750,-4096.3588867188,499.9609069824,4847.2338867188,-4850.9001089793,2467.3785283949,-2235.9505920575,5883.7627178364,26.9598660816,-22.3349539770
2460847.2054398148,672.1043090820,-2515.7304687500,6300.0214843750,-4096.7226562500,496.9736633301,4847.2338867188,-4829.9679085360,2416.4817188561,-2181.9065708909,5824.8339185894,26.5792632706,-21.9987839991
2460847.2055555554,629.5142822266,-2458.2399902344,6326.9799804688,-4097.0839843750,493.9861450195,4847.2338867188,-4808.4883374017,2365.2095879248,-2128.4362403916,5765.9359444198,26.1917495044,-21.6625741569
2460847.2056712965,586.8454589844,-2400.4416503906,6353.1435546875,-4097.4428710938,490.9983825684,4847.2338867188,-4786.4652047727,2313.5682379203,-2075.5472981563,5707.0783887114,25.7970944121,-21.3263381943
2460847.2057870370,544.1031494141,-2342.3422851562,6378.5087890625,-4097.7998046875,488.0103454590,4847.2338867188,-4763.9019295026,2261.5635642385,-2023.2471116833,5648.2705515888,25.3950594485,-20.9900905984
2460847.2059027776,501.2926635742,-2283.9499511719,6403.0732421875,-4098.1547851562,485.0220642090,4847.2338867188,-4740.8019009386,2209.2028539024,-1971.5417445760,5589.5220515031,24.9854116081,-20.6538335367
2460847.2060185187,458.4193725586,-2225.2712402344,6426.8330078125,-4098.5073242188,482.0335083008,4847.2338867188,-4717.1677863026,2156.4918993864,-1920.4385681758,5530.8420272493,24.5678980922,-20.3175883714
2460847.2061342592,415.4887084961,-2166.3137207031,6449.7856445312,-4098.8579101562,479.0446777344,4847.2338867188,-4693.0032868738,2103.4374391378,-1869.9439098759,5472.2407784250,24.1422617938,-19.9813639009
2460847.2062499998,372.5059814453,-2107.0852050781,6471.9282226562,-4099.2060546875,476.0556335449,4847.2338867188,-4668.3114098774,2050.0465724356,-1820.0641496041,5413.7284635841,23.7082435040,-19.6451734424
2460847.2063657409,329.4766235352,-2047.5924072266,6493.2578125000,-4099.5522460938,473.0663146973,4847.2338867188,-4643.0961514269,1996.3250350907,-1770.8065035555,5355.3161615501,23.2655561853,-19.3090399119
2460847.2064814814,286.4059753418,-1987.8433837891,6513.7719726562,-4099.8959960938,470.0767517090,4847.2338867188,-4617.3604906429,1942.2804633443,-1722.1766884199,5297.0146162698,22.8139272878,-18.9729745170
2460847.2065972220,243.2994842529,-1927.8452148438,6533.4677734375,-4100.2377929688,467.0869445801,4847.2338867188,-4591.1084157270,1887.9188748935,-1674.1819137017,5238.8356763029,22.3530529625,-18.6370053709
2460847.2067129631,200.1625213623,-1867.6057128906,6552.3427734375,-4100.5771484375,464.0968627930,4847.2338867188,-4564.3432106465,1833.2476860532,-1626.8281538885,5180.7910462862,21.8826369483,-18.3011514397
2460847.2068287036,157.0005035400,-1807.1323242188,6570.3950195312,-4100.9145507812,461.1065673828,4847.2338867188,-4537.0687577722,1778.2732657040,-1580.1212500454,5122.8929214961,21.4023586489,-17.9654327438
2460847.2069444442,113.8188247681,-1746.4324951172,6587.6220703125,-4101.2495117188,458.1159973145,4847.2338867188,-4509.2886801304,1723.0030121738,-1534.0674633902,5065.1541697114,20.9118989040,-17.6298765058
2460847.2070601853,70.6228942871,-1685.5140380859,6604.0214843750,-4101.5825195312,455.1251831055,4847.2338867188,-4481.0068731186,1667.4433177177,-1488.6732854751,5007.5880387293,20.4109152467,-17.2945165088
2460847.2071759258,27.4181270599,-1624.3843994141,6619.5913085938,-4101.9135742188,452.1341552734,4847.2338867188,-4452.2268850794,1611.6016335880,-1443.9442748895,4950.2079886196,19.8990670026,-16.9593800801
2460847.2072916669,-15.7900657654,-1563.0513916016,6634.3300781250,-4102.2421875000,449.1428833008,4847.2338867188,-4422.9532487567,1555.4848882956,-1399.8861832248,4893.0287148541,19.3759920362,-16.6244980471
2460847.2074074075,-58.9962768555,-1501.5225830078,6648.2358398438,-4102.5683593750,446.1513671875,4847.2338867188,-4393.1892440055,1499.0999902593,-1356.5043420202,4836.0641584206,18.8413212087,-16.2899046765
2460847.2075231480,-102.1950912476,-1439.8056640625,6661.3061523438,-4102.8925781250,443.1596069336,4847.2338867188,-4362.9391467251,1442.4542043248,-1313.8055646046,4779.3302031965,18.2946733391,-15.9556520672
2460847.2076388891,-145.3811035156,-1377.9085693359,6673.5400390625,-4103.2148437500,440.1676025391,4847.2338867188,-4332.2072164729,1385.5547037826,-1271.7947320744,4722.8426867900,17.7356541278,-15.6217755062
2460847.2077546297,-188.5489044189,-1315.8388671875,6684.9360351562,-4103.5346679688,437.1753845215,4847.2338867188,-4300.9974009738,1328.4087647459,-1230.4771012913,4666.6178744610,17.1638593823,-15.2883203723
2460847.2078703702,-231.6930694580,-1253.6042480469,6695.4921875000,-4103.8525390625,434.1829223633,4847.2338867188,-4269.3136482914,1271.0233023467,-1189.8585688746,4610.6726924084,16.5788679720,-14.9553454472
2460847.2079861113,-274.8082275391,-1191.2127685547,6705.2075195312,-4104.1679687500,431.1902160645,4847.2338867188,-4237.1604051222,1213.4061256454,-1149.9441741773,4555.0251731701,15.9802553238,-14.6229029468
2460847.2081018519,-317.8889770508,-1128.6721191406,6714.0805664062,-4104.4814453125,428.1972961426,4847.2338867188,-4204.5417359007,1155.5642987861,-1110.7392727584,4499.6935217421,15.3675766799,-14.2910570172
2460847.2082175924,-360.9298706055,-1065.9899902344,6722.1103515625,-4104.7924804688,425.2041625977,4847.2338867188,-4171.4618204955,1097.5050862446,-1072.2486783244,4444.6966558307,14.7403767685,-13.9598713067
2460847.2083333335,-403.9255981445,-1003.1744384766,6729.2958984375,-4105.1015625000,422.2107849121,4847.2338867188,-4137.9256032243,1039.2361554550,-1034.4778510489,4390.0551829031,14.0981906498,-13.6294220501
